,restaurant_id,score,review
0,5117110,4,사장님 친절하시고 인상 좋으세요. 케밥 양념에 터키식 향신료가 조금 들어가도 좋겠어요. 샐러드도 평이하게 한국식으로 하는 것보다는 터키식으로 가지나 토마토를 많이 쓰면 어떨까요. 조금 평범해서 아쉬웠어요. 터키 아이스크림은 언제나 최고. 잘 되기를 바라는 마음에서 적어봅니다. 천안에 터키 맛집 식당 되기를 응원합니다.
1,5117110,5, 
2,5117110,5,양 많고 깨끗하고 먹고 간다니까 얼음물까지 주셨어요ㅎㅎ
3,5117110,5,새로 생겨서 깨끗해요. 케밥도 맛있어요^^
0,11791764,1, 
1,11791764,5, 
2,11791764,1,비위생적. 김치없는 토스트에 김치찌개맛나는고추가루..뭐에쓰던가위로 커팅한건지 대박이네요. 커팅해주는게 그렇게 귀찮은가
0,15876545,5, 
0,18617177,5, 
0,9782047,5,소문으로 듣던 곳을 그디어 가봤습니다. 역시나 제가 좋아하는 블루스의 음악을 잘 아시고 처음 듣고 배울 수 있는 시간이었습니다. 듣던 노래이외에 처음 듣는 음악은 이렇게 설명과 듣기 좋은 스피커로 감상해야 마음에 와 닿는거 같아요. 한 30년 만에 보는 Thin Lizzy 앨범! 역시 가지고 계실 줄 알았어요.!!!
1,9782047,5,좋은 음악이 안주인 곳. 노래 추천은 덤
2,9782047,4,1억짜리  스피커  헉
0,25986741,5,"주변 상인들에게 점심장사하는 숨겨진 맛집. 기본 백반 충실하고, 반찬이 다 맛있다. 주메뉴가 7천원대 가성비도 좋다."
0,25986551,5, 
1,25986551,1, 
0,18677817,1,없잖아...
0,911424907,5, 
0,853217400,5,케이크 음료 다 맛있고 분위기가 너무 좋았어요
1,853217400,5, 
2,853217400,5, 
3,853217400,5,신부동에서 가장 좋아하는 카페입니다! 사장님 두 분 항상 친절히 맞아주시고 우선 가장 중요한 커피가 맛있어요 ㅎㅎ 분위기도 좋아서 자주 갑니다! 치즈케이크 꼬오오옥 드세요!
4,853217400,5, 
5,853217400,5, 
6,853217400,5, 
7,853217400,5, 
8,853217400,5,여기 치즈케이크 너무 맛있어요☺️♥️
9,853217400,5, 
10,853217400,2,노 키즈존입니다. 몇 번 갔던 곳인데 노키즈존이라고 문 앞에 표시도 안 해놔서 몰랐습니다. 지인과 지인의 자녀분과 함께 갔다가 노키즈존이라고 해서 그냥 나왔습니다. 자리를 찾으러 올라가기 전에 들어왔을 때 말씀이라도 해주셨으면 헛고생하지않았을텐데.. 지인분께 죄송한 마음이 컸네요. 왜 노키즈존이라고 표시를 안 하시는 걸까요? 미관상 안 좋아서? 다른 분들도 저처럼 헛걸음 안 하시길 바랍니다.
11,853217400,5,내가 제일 사랑하는 카페
12,853217400,5, 
13,853217400,5,좀 비싸긴한데 카페 분위기가 너무 좋고 사장님도 친절하셔서 다시가고싶음 그리고 치즈케이크 존맛 ㅠ 단단한 치즈케이크가 아니라 무스케이크 느낌인데 진짜 맛있다
14,853217400,5, 
15,853217400,4, 
16,853217400,5,분위시 좋고 주인분들도 인상 좋으시고 타 지역에서 시간 때울겸 왔다가 좋은가게 알고 갑니다
17,853217400,5,이뻐요
18,853217400,5, 
19,853217400,5,"여기 정말 최고예요 가른 카페 가면 말도 안되게 디저트 가격이 비싼데 비싸지도 않고 정말 맛있어요  사장님분들이 공간 하나하나 신경쓰신 것도 눈에 보이고 차도 정말 맛있어요 특히 망고 우롱차!!! 강추에요,,"
20,853217400,5, 
21,853217400,5,다시 가고 싶은집
0,1597187658,4,크로플 맛있어요! 바삭바삭해요! 화장실은 별로예요
1,1597187658,5,디저트가 다 너무너무 맛있고 특히 크로플 쵝오 ㅠㅠㅠ 인생크로플입니다... 겨울에는 생딸기라떼랑 크로플이랑 먹으면 저세상 가는맛...(여기 딸기케이크 레전드에요)
2,1597187658,5,분위기 커피 디저트 다 괜찮아요 신부동 카페 갈데 없을때 추천
0,1586302218,3,무난무난
1,1586302218,3, 
2,1586302218,4,사장님이 오픈 10분 전인데도 들어와 있으라 하고 계산시 초콜릿도 주시고 친절하세요.안주도 맛있어요! 청춘소세지 강추합니다ㅎㅎ...
0,1508914750,1, 
1,1508914750,5, 
2,1508914750,5, 
0,22875929,5,맛있어요
0,681000301,5,격하게 나만 알고싶다 다들 오지마 웨이팅 싫어
1,681000301,5,굳
2,681000301,5, 
3,681000301,5,아주 맛있음.
0,747760269,5, 
0,190766913,5, 
1,190766913,5, 
2,190766913,5,진짜 존맛탱이에여 바질파스타랑 에그크레페? 죤맛 프렌치토스트도 맛잇엇는데 좀 달앗어요 재방뮨 의사잇숨!
0,20932386,1,매뉴얼 미숙지
1,20932386,5,맛있어요
2,20932386,2,알바 쥐잡듯 잡네 ㅎ
0,178620560,5, 
0,536463962,5,분위기 맛 서비스 최고!
1,536463962,3, 
2,536463962,5, 
3,536463962,5,스콘이 너무 맛있고 분위기도 좋네요
0,1596065853,5,갈 때마다 분위기에 취하고 힐링
1,1596065853,4,"그래놀라가 진짜 최고 , , 까다로운 엄마도 만족시킴"
0,1309415313,1, 
1,1309415313,4,소스바 없음. 설탕 많이줌. 맛은 무난.
0,1215370901,1,맛없어요 사람 없는덴 이유가 있음
0,1689220780,5, 
0,1267053873,5,케잌두 이쁜데 맛도 조아요 비싼만큼 가치가 있었습니다 ㅎㅎ
0,1680379888,5,커피 맛있어여
1,1680379888,4, 
2,1680379888,4,크림커피가 진짜 맛있고 커피는 리필도 됩니당!
3,1680379888,5, 
0,9168288,1,성원계장 이식당은 음식이 맛없습니다.가격도 삐십니다.입서비가 아주 못했습니다.
0,1467041221,4,맛도 좋고 분위기도 좋습니다.  딱 인스타감성이에요. 그래서 허리는 조금 아픕니다
0,1106603118,5,우연히 들어간 카페인데 커피도 맛있고 소품하나하나 센스있고 너무 좋은 공간이에요 사장님 정말정말 친절하시구요~~ !!!
1,1106603118,5, 
0,621086511,5, 
0,926424090,3,한번 가본 걸로 만족
1,926424090,2,별로에요...
2,926424090,5,깔끔하고 맛있음. 천안에서 찾아갔는데 분위기도 맛도 괜찮음
3,926424090,5,바질크림파스타 대존맛인데..?
4,926424090,4, 
5,926424090,5,떡볶이 맛있습니닷 ㅎㅎ
6,926424090,1, 
7,926424090,1, 
8,926424090,4,일년전쯤이랑 맛이 좀 다른거같은데 암튼 맛있어요 근데 떡볶이 메뉴중에서 오징어가 제일 나은듯
9,926424090,1, 
0,27355986,5,존맛 맨날 여기만 감
1,27355986,5, 
2,27355986,5,진심 맛있음 가격이 아주 조금 사악한 감이 있지만? 맛있으니까 모두 용서한다 파스타가 ♪♬♬♪임 밥에 기본 간도 맛있음
3,27355986,3, 
4,27355986,5, 
5,27355986,1, 
6,27355986,4,분위기 좋고 식사도 음료도 예쁘게 나오고 맛도 있음!
7,27355986,5,맛있게먹었어용
8,27355986,3,저는 리뉴얼하기 전이 훨씬 좋았어요 일본가정식 있을 때요.. 지금은 메뉴가 많이 바뀌어서 방문하실 분들은 네이버 참고하시길 바라요 가격이 세서 가성비는 별로지만 맛은 괜찮고 (하긴 이 가격이면 맛있긴 해야 하지만...) 인스타갬성으로는 최고의 집입니다 사장님이 메뉴랑 인테리어에 정성을 많이 들인다는 건 확 느껴져요 데이트코스로는 추천합니다
9,27355986,3,인테리어가 예쁘네요
10,27355986,3,일단 메뉴가 다름. 인테리어는 이쁘고 맛은 무난했는데 그에 비해 가격이 너무 비쌈. 이런 분위기가 좋으면 슬고운 식당 추천
11,27355986,5,천안에도 이런곳 많았으면ㅠㅠ분위기도 맛도 만족
12,27355986,5,같이간 일행도 맛있다맛있다 연발했어요 맛집대성공!^^
13,27355986,1,두명이 가서 음식을 시켰는데 다른 테이블로 메뉴가 잘못 나갔다가 되돌아간걸 그대로 저희 테이블에 나온 것 같습니다. 받아보니 소고기가 차갑게 굳어있고... 기름이 굳어서 떠있는게 뻔히 보여서 한번 확인좀 해달라고 하니 확인해본다고 가져가서(다시 만든다 그런말도 없이) 10분 정도 있다가 나왔습니다. 이 과정 사이 미안하다는 의사 표시 전혀 없었구요. 재오픈 전 작년에 맛있게 먹은 기억이 있어서 갔는데 메뉴는 줄고 가격은 오르고 서비스는 최악이 되었네요.
14,27355986,1,주방에서 바퀴벌레 나옴 ^^...
15,27355986,3, 
16,27355986,1,편의점 돈가스 인줄
17,27355986,4, 
18,27355986,1, 
19,27355986,1,다 좋은데 음식이...
0,361948950,1,분명히 고기포함 10400원 찍히는거 두눈으로 똑똑히 봤는데 11000원 결제되어있네요? ㅋㅋㅋㅋㅋㅋㅋㅋㅋ 양심 좀 챙기면서 일하세요;
1,361948950,4,제가 담은 음식물에 영수증 넣는거 보고 경악 ㅠㅠ 비위생적이지만 맛있어서 자주 가요ㅠ
2,361948950,4, 
3,361948950,5, 
4,361948950,4, 
5,361948950,3,좀 짜고 매움...번화가라 음식나오는데 시간이 굉장히 오래걸리니 시간에 여유를 두고 방문하는것을 추천
6,361948950,4,무난 단대생 10퍼 할인이라 좋은듯
7,361948950,5, 
8,361948950,4,웨이팅은 괜찮은데 사람이 많아서 그런가 떡당면이나 분모자당면이 가끔 덜익어서 나와요ㅠ 맛은 무난하게 맛있어요
9,361948950,3, 
10,361948950,5, 
0,1971178400,3,수플레 팬케이크 없어졌어요ㅠㅠㅠ 그거 먹으러 가는건데..
1,1971178400,3, 
2,1971178400,2, 
3,1971178400,5, 
0,1977376839,1, 
1,1977376839,3, 
2,1977376839,5,맛있어요 특히 유케동 사케동 정말 맛있습니다
3,1977376839,1, 
4,1977376839,3, 
5,1977376839,3,"걍 무난,, 엄청 막 맛집은 아니었어요 신부동에서 일식먹고싶은데 메뉴 다양하게 먹고싶음 추천"
6,1977376839,5,두말할필요가 없어요
7,1977376839,3,치즈돈까스 비주얼은 정말 훌륭한데.. 돈까스 맛 자체는 굉장히 무난해요 그리고 치즈가 금방 굳어버리고 큰 덩어리를 가위로 잘라 먹어야 하는 번거로움이 있어요 그리고 주시는 돈까스 소스가 막 냉장고에 나온듯 차가워서 식욕이 감소되는 기분이었어요 기대 이하였습니다
8,1977376839,2, 
9,1977376839,3,치즈돈까스는 기대이하. 연어덮밥은 맛있었어요.
10,1977376839,5,사케동 모짜나베 개존맛
11,1977376839,2,다른 메뉴는 맛있었지만 매운 라면이 맛없게 심각하게 매움.
0,13055314,1, 
1,13055314,5,좋았어용
2,13055314,5,사장님이 애기들 아끼시는게 눈에 보이고 애들도 너무 귀여워서 거의 매일 옵니다
3,13055314,1, 
4,13055314,5,고양이들이 순하고 착하고 사람한테도 잘 와요 담요 좋아하는지 무릎에 담요깔면 잘 옵니다
5,13055314,5,고양이들이 너무 귀여워용
6,13055314,5,애들이 너무 귀엽고 애교가많아요!
7,13055314,5, 
8,13055314,2, 
9,13055314,5,너무좋았어요 아이들도 얌전하구  순하구 상처가많았던애들이라그래서  겁내구  피하구할줄알았는데  너무 애교쟁이들이네요 ^^자주 가봐야겠어요
10,13055314,5,고양이들이 편안해보여요
11,13055314,1, 
12,13055314,5, 
13,13055314,5, 
14,13055314,4, 
0,1920527859,5,함박스테이크 입에서 녹아요..진짜 존맛 카레는 매운소고기카레 강추ㅎㅎ 사장님도 친절하심 굿 3번째 재방문임ㅇㅇ
0,596746583,4, 
1,596746583,5,플랫 그린 티라미수 갈때마다 먹어요. 봉달라떼 종류도 맛있어요. 자리가 많은 편은 아니지만 좋은곳입니다.
2,596746583,5,"Great place, great people, great atmosphere. One of my favorite places in Korea."
0,237064496,5, 
1,237064496,5, 
2,237064496,5,Great place to hang out. Good coffee and good pastries. Friendly owner!
3,237064496,4,커피도 맜있고 사장님도 친절해요 햄치즈 샌드위치도 맛있어요 강아지 귀엽져..♡
4,237064496,5, 
5,237064496,5,감각적인 인테리어와 미술 작품 그리고 커피와 디저트까지 완벽해요!!!
6,237064496,5,베이글 맛집
7,237064496,5, 
8,237064496,5, 
9,237064496,5,mrgt 라떼 진짜 JMT
0,266768664,4, 
1,266768664,5, 
2,266768664,5,여기 찐맛집입니다. 샌드위치가 ㄹㅇㄹㅇ 맛있어요.
3,266768664,5, 
4,266768664,4,피자 맛남 마늘빵도 맛남 근데 가게가 좀 좁음
0,24407415,5,맛있고 친절. 직원분들이 어느정도 한국어 가능하심
1,24407415,3,너무 짜요.. 그리고 뭔가 매콤한것도 덜함..
2,24407415,5, 
3,24407415,5,마라탕이 다른 마라탕들이랑 달라요 맛이 진하고 샹궈도 맛있습니다. 고기 따로 2000원이 아니라 무게 같이 달아서 맘껏 섭취가능
4,24407415,5, 
5,24407415,5,갈래갈래또갈래
6,24407415,4,개존맛탱.....그리고 진짜 싼편입니다
7,24407415,4, 
0,1543558777,5, 
0,1243266450,3,그냥 그랬음 평범
0,668634177,2, 
0,1607962808,3,양이 너무 적고.. 가게 너무 협소하고 테이블도 적은데 직원들이 너무 느려서 회전율이 더 안좋아요
1,1607962808,5, 
0,1511341957,5, 
0,1006963799,5,"여긴 무조건 아인슈페너에 스콘입니다,, 사과잼이 미쳤어요 bb"
0,1942948453,4,마라탕맛과 비슷해요~
0,8581907,1,"짜장면은 양이 적고, 양념도 냄새나고 오래된느낌이 나구요, 탕수육은 기름을..... 색깔이 안좋고요, 아무리 점심 특선이라지만 양자체 문제가 정말 심각하네요. 볶음밥은 밥에 누린내나고 같이 오는 계란국은 소금을 .... ㅎㅎ 다신 안올거같네요."
1,8581907,3,이 집은 잘 하는 메뉴가 있고 그저 그런 메뉴가 있는 것 같아서 잘 골라 먹어야 함 ㅋㅋ
2,8581907,1,밀가루음식치곤   너무 비싸네요....
3,8581907,5,정말 맛있습니다! 사장님도  친절하시고요. 또 오고싶은 집입니다.
4,8581907,3,단체 회식 중국집으로 최고.  작은 방 부터 큰 방까지 있어서 회식하기 좋음. 여러 메뉴 중 그냥 코스 시키는게 제일 무난함.  북경 오리 메뉴는 별로였음.  종업원들이 자주 바뀌고 외국인들 이어서 친절을 기대하기는 어려움.  다만 역사가 있는 중국집이고 주차가 편해서 무난한 회식집으로 추천
5,8581907,5, 
6,8581907,5, 
7,8581907,5,천안제일 중국집 여름엔 중국냉면최고
8,8581907,1,음식맛도 양도 다 별로였음 마지막 방문으로~~~
9,8581907,5,사장님 매우 친절.
10,8581907,2,자주 갈것같진 않음
11,8581907,4,맛도 양도 만족!
12,8581907,3, 
13,8581907,5,깐풍기 굳.
14,8581907,1,저만 그런지 몰겠지만 주인바뀌고 전같지 않아요
15,8581907,5,맛있다야 ♥
16,8581907,3, 
0,14575580,4, 
1,14575580,5,마싯는 해물찀
2,14575580,5, 
3,14575580,5, 
4,14575580,5, 
5,14575580,4, 
6,14575580,5, 
7,14575580,3,특별한 맛은 아닌듯..
8,14575580,5,매콤한양념에  너무 맛있었어요. 끝에 볶음밥마무리는 필수입니다..사장님도 너무 친절하세요~
9,14575580,5,고기와 해물동시에 먹을수있어서 좋아요 기대이상으로 너무 맛있어요^^아 그리고 볶음밥 꼭 드세요 배불러도 맛있어서 계속 들어가는 맛이예요!!!!!
10,14575580,5,찐 맛집이에요 끓이면 끓일수록 깊어지는 막이 진국이에요 다먹은후 볶음밥 강추
11,14575580,1,"맛집이라고 해서 기대했는데 대실망함. 수저에 고춧가루 끼어있는 위생상태보고 경악함.. 해물뼈찜이지만 콩나물이 대부분임. 돌솟이라는 특이함이 있지만, 음식에 비해 그릇의 크기가 너무 작아서 음식이 높게 쌓여 나오기때문에  데워지는데 시간이 오래 걸림. 맛도 평범함.."
12,14575580,5,별 기대는 안하고갔는데 맛났어용
13,14575580,5, 
14,14575580,5,신부동 최고 맛집!!
15,14575580,5,산더미처럼 나오는 콩나물이 만족스럽고 마지막에 볶음밥이 정말 맛있어요! 역시 한국인은 마지막에 밥을먹어줘야함!
16,14575580,5, 
17,14575580,3, 
18,14575580,3, 
19,14575580,5, 
0,2012983367,2,직원분들 마스크도 안 쓰고 계시고 떠드시네요 ㅋㅅㅋ스콘은 그냥 오픈된 채로 방치되고 있었음 ..... 위생이 심히 걱정됩니다
1,2012983367,1,스콘은 낫밷. 디저트 오픈해서 파는데 먼지 다 붙을듯 투명 홀뚜껑이라도 씌워 놓으시지..^^ 사장님 불친절. 음료 그저그럼 매장이용인데도 다 일회용컵 쓰시던디
2,2012983367,3,맛은괜찮은데 스콘이 많이 딱딱해요..
3,2012983367,1, 
4,2012983367,3,자리가 넓어여. 크럼블파이는 먹어보고 싶었는데.. 뭐 그저 그렇네요
5,2012983367,5,나중에 울집애기랑 꼭 와보고 싶어여
6,2012983367,5,빵 맛있어요. 야외 테라스도 좋아요
7,2012983367,5,얼그레이 타르트가 진짜 존맛
8,2012983367,5, 
0,24944190,1,별로
1,24944190,5, 
2,24944190,1,"서비스도 안주시고 젓가락, 수저 놓은 곳은 양념 묻어있고 위생 더러워요"
3,24944190,5, 
0,758613830,5,가성비 미쳤음. 이런데을 왜 이제 알았지?
1,758613830,5,메뉴가 3개인데는 이유가 있다
2,758613830,5, 
3,758613830,5, 
4,758613830,4, 
5,758613830,5, 
6,758613830,4,맛있습니다….만 돈까스 소스가 역할정도로 별로에요 … 차라리 튀김만 먹는게 나을정도 소스만 바꾸면 6점 가능 튀김은 맛있었음
7,758613830,5, 
8,758613830,5, 
9,758613830,5,안심먹었는데 완전 맛있음
10,758613830,5,쥰내 맛있음
11,758613830,4, 
12,758613830,5,한 20년전 알게되었는데 아직도 영업 잘 하시고 계신지 궁금
13,758613830,5, 
14,758613830,4,가격도 다른 돈가스체인점보다 저렴하고 돈가스가 느끼하지 않고 담백해서 좋았어요~ 단 손 닦을 수 있게 물티슈나 작은 세면대라도 내부에 작게 설치되어 있으면 좋을 거 같아 별1개 뺐습니다.
15,758613830,5,맛도 있고 양도 은근히 많음.
16,758613830,4,"가성비가 좋습니다. 천안에서 오래된 돈까스집으로 사장님이 직접 요리하시고, 안심돈까스가 맛있습니다. 가격은 7천원인데 누린내 하나 없이 부드럽습니다. 샐러드도 많이 줍니다.  아쉬운 점은 건물이 낡아서 그런건지, 식당에서 오래된 건물 특유의 쾌쾌한 냄새가 납니다. 먹자 골목에 있어서 주차하기 쉽지 않고, 점심시간에 가면 기다려야 할 수도 있습니다. 데이트 장소보다는 혼밥하거나 편한 사람이랑 밥 먹으러 갈 곳으로 추천합니다."
17,758613830,5, 
18,758613830,4,경양식 돈까스 먹고싶었는데 주변에 마땅히 없어서 먹으러감. 소스가 단맛이 거의 없고 톡 쏘는 맛이 강한데.. 호불호가 꽤 갈릴맛. 야채소스도 별로고 같이 나오는 장국 깍두기 보통. 밥도 보통. 근데 고기가 맛있음.... 왜 맛있는지 모르겠는데 맛있음. 튀김이 맛있는건가..? 안심돈까스 시켰는데 고기가 맛있어서 원래 이거 먹고 다른데가서 딴거 먹으려다가 다 먹었음. 한번 가볼만한집. 금액도 싸다.
19,758613830,5,인생 가성비 돈까스집 안심 생선 둘다 맛나고 안심>등심
20,758613830,5, 
21,758613830,5,백번은 간거같아요 샐러드랑 돈가스 둘다 맛있어요.
22,758613830,5, 
23,758613830,5, 
24,758613830,3, 
0,10335404,1,"두명이서 사이즈 소 시켰는데 너무 양이 적길래 사이즈 큰걸로 양 좀 추가되냐고 하니까 안된다고 하고, 사리도 추가 안되고.. 닭똥집 소는 원래 양이 적다고 하고;;; 그럼 소짜리는 1인분인가요?ㅜ 미리 말을해주셨음 진작 큰걸로 시켰을텐데 그러고 다 먹어가니까 그제서야 양 추가해서 볶아줄까요? 하네요. 너무 귀찮음이 느껴져서 눈치보면서 먹고 나왔어요.."
1,10335404,4, 
2,10335404,4, 
0,17153896,1, 
1,17153896,1,배달시켜먹었는데 배민리뷰달아도 답장도 안하시고 다신 안시켜먹을듯
2,17153896,1,별 한개도 아까움
3,17153896,1,주문했는데 떠들고 먹고논다고 15분 후에 조리를 시작하네요 손님을 투명인간 취급하는 가게.
4,17153896,1,엽떡이 맛없기 쉽지 않은데 그걸 해내는 맛집
5,17153896,1,직원분인지 모르겠는데 말투가 너무 공격적이라 당황스러웠네요
6,17153896,1,떡볶이가 늦게나와서 시간상 바로일어났는데 너무 많이 남아서 포장 부탁드렸음 계산부터 하라고해서 했더니 그 사이 알바생이 계란찜 엎어버림 남긴줄 알았다함. 천원짜리 써핑쿨 작은거 주고 가라함. 2만원 가까이 쓰고 다 버리고옴. 알바생 얼마안됐다고 하는데 일처리 너무 별로였어요. 다시는 안가요.
7,17153896,1,왜 떡볶이에서 시큼한 맛이 나나요;
8,17153896,1,소시지 하나도 없는 엽떡은 처음!
9,17153896,1, 
0,1340832985,1,니네 나라 가서 살아 한국말도 모르면서 이나라 살지말고 좀 가라고 그렇게 좋아하는 너희 중국땅으로 가서  흙을 파먹든 해서 사쇼
1,1340832985,1, 
2,1340832985,1,서비스가 너무 지루해요.
3,1340832985,4, 
4,1340832985,1, 
5,1340832985,1, 
0,2111353185,1,개인적으로 고기에서 탄내 나서 쓴 맛이...
1,2111353185,3,자리가 좁아서 2시간 제한 있어요 후기가 좋아서 기대하고 갔는데 꼬치에서 탄맛이 너무 많이 나서 ..ㅠ 전체적으로 아쉬웠어요
2,2111353185,5,꼬치구이도 다른데 비해 저렴하고 맛있어요ㅎㅎ
3,2111353185,5,맛있고 특수부위 많아요
0,1796351061,5, 
1,1796351061,4, 
2,1796351061,5, 
3,1796351061,5,매장은 작지만 깔끔하고 사장님이 무척 친절해요
4,1796351061,5, 
5,1796351061,5,음료 아이스크림 다 맛있었습니다! 깔끔하고 시원해서 편하게 머물다갑니다~ 사장님도 친절하세요!!
6,1796351061,3,Ice Cream Latte to go
7,1796351061,3, 
8,1796351061,5,디자인 깔끔세련 패션후르츠 강추요
0,25078606,5,여기가 최고다.
1,25078606,5, 
2,25078606,5,맛있는 해장국
3,25078606,4,머가 최고여 맛이없다 진짜다 근대 자주먹으니까 맛있다 양두만이준다!!
4,25078606,5,여기 짜글이 맛있어요
5,25078606,5,단골집
0,1463563832,5,中国味儿
1,1463563832,5,牛肉面味道很棒
0,981574433,5,신부동 마라탕 중에 제일 맛있어요… 사장님도 짱짱 친절하세요 ~.~
1,981574433,5,천안의 명물 천향오
2,981574433,5,사장님이 엄청 친절하세요 마라탕집에서 한국노래 틀어주는 것도 여기가 처음이구 맛도 있고 잘 챙겨주셔서 기분 좋게 먹고 왔어요 요기 단골 확정이에염
3,981574433,5, 
0,27516077,5, 
0,12811938,1,짬뽕 시켰는데 왜 오징어국 맛이 나는지 원....
1,12811938,5,맛있음. 짬뽕국물 탕수육 맛나
2,12811938,1, 
3,12811938,1,가서드실꺼면드세요 배달 세상느림 내가 만들어먹는게빠를듯
4,12811938,3, 
5,12811938,5, 
0,21494152,4, 
1,21494152,5,양도 많고 맛있습니다! 사장님도 친절하시고 카페도 예뻐용
2,21494152,3,친절한지는 잘 모르겠어요. 가격도 높고 양도 많은 카페.
3,21494152,5,좋아요
0,1731408117,5, 
1,1731408117,5,밥 괜히 먹고 갔네요.
0,1810360496,4,케익 크로플 다 맛있네요
1,1810360496,5,파운야드는 신부동이 최고에요ㅠㅠ!!♥️
2,1810360496,4,크로플 저렴하고 맛있어요
3,1810360496,1,케이크 맛없어요.. 며칠 둬서 딱딱 부스러지는걸 안버리고 계속 팔다니..
4,1810360496,5, 
5,1810360496,5,맛있어요
0,1689697890,5,토핑이 다양하고 재료가 신선해요ㅎㅎ 드레싱도 처음 먹어보는 맛이었는데 맛있었어요!
1,1689697890,5,재료가 정말 푸짐하고 신선해요 그리고 닭가슴살 주문하고 바로 구워주시는건지 정말 맛있었어요 드레싱도 챙겨주신게 찰떡이었고 식단 관리중인데 맛있게 먹었습니다 ㅎㅎ
0,451712652,4, 
1,451712652,5, 
0,99228427,5,맛 좋고 친절해요
0,934297279,3,뭐랄까.. 인스타 감성맛? 조미료 맛이 확 느껴졌어요. 제 입맛에는 별로였고 먹다보니 느끼해서 밑반찬 한가지를 빼고 쫄단무지나 김치가 있다면 훨씬 나을 것 같아요.
1,934297279,4,좋아요.
2,934297279,5,인테리어 맛집인줄 알았는데 음식도 엄청 맛있네요 짜다는 리뷰가 많은데 제 입맛에는 좋았습니다 가격도 적당하고 음료수 이벤트도 좋았고 위치가 좀 구석이라 아쉬운데 오히려 그래서 사람도 적고 조용하고 자주갈것같네요
3,934297279,3,좀 짜요..
4,934297279,3, 
0,2084372063,5,샐러드 맛집은 첨.. 최고에요 배부르고 맛있고
1,2084372063,5, 
2,2084372063,5, 
3,2084372063,5,최고에요
4,2084372063,5, 
5,2084372063,5,맛있어요~!
6,2084372063,1, 
0,1654827216,5, 
1,1654827216,3,피자는 굿! 파스타는 쏘쏘
2,1654827216,4, 
0,1342448238,5,위생으로는 조금 그렇지만 그런 분위기에 먹기 좋아요 현지 느낌 많이 나요
0,397210877,5, 
1,397210877,5,천안 야우리 놀러갈때마다 당떨어지면 꼭 찾아가요! 사장님도 친절하시고 마카롱도 쫀득하니 너무맛있어요!!!!! 르뱅쿠키도 먹어봤는데 너무 맛있었어요!! 추천합니당 ㅎㅎ
2,397210877,5,맛있게 먹었어요 종류가 많아서 갈때마다 고민되는데 사장님 너무 친절해요 ㅠㅠ
3,397210877,4,"맛있어요, 시트지가 바삭하고 비린내가 안나요 조금 많이 단편이지만 맛있습니다 ^‿^"
4,397210877,4,맛있어요 꿀고구마 제 최애 다른 구움과자 종류도 맛있더라구요 근데 마카롱이 날에 따라 꼬끄가 넘 달라요 어쩔 땐 잘되고 어쩔 땐 음....? 하고.. 그래도 신부동 마카롱은 매번 여기로 방문합니당
0,293817971,5, 
0,1799256978,3, 
1,1799256978,5,맛이 좋아요.
2,1799256978,5, 
3,1799256978,3, 
4,1799256978,5, 
5,1799256978,5, 
6,1799256978,2, 
7,1799256978,1, 
8,1799256978,1,기다린지 30몇 분 지나도 안나오고 나중 온 사람들이 먼저 받길래 뭐지하고 불러서 확인하니까 그제서야 누락된거 확인받고..  첫 경험인데 정말 좋지않게 끝나서 다시 갈지 모르겠네요. 아무리바빠도 손님 한 명 한 명 더 신경써야되는게 맞지않나 싶습니다. 바쁜건 이해해도 장사하는 입장에서 그렇게 생각하면 안된다고 생각합니다 정신차리세요
9,1799256978,5,굿
10,1799256978,5,맛있어서 눈물나올정도
11,1799256978,4,갈 때마다 거의 테이블이 꽉 차있는데 직원을 더 써서라도 응대를 빠르게 해줬으면 좋겠어요 물론 맛은 좋습니다 양파연어 소스는 상무초밥이 제일 맛있는 것 같아요 입맛이 까다로운 편은 아니라 샤리도 소바도 제 입맛에 맞아서 자주 찾습니다
12,1799256978,3, 
13,1799256978,3, 
14,1799256978,5,최고에요~~~초밥 생각날때 무조건 상무초밥입니다.
15,1799256978,5, 
16,1799256978,1, 
17,1799256978,1,들어간지 40분.. 우리보다 늦게 온 사람들 테이블 음식 다 나오길래 이상해서 말했더니 주문이 안들어갔다니... 우리 빼고 주변 다 음식 나왔으면 최소 확인은 해봐야하는거 아닌가요???  제가 말안했으면 계속 기다렸을듯 싶네요 기다린 시간 40분 너무 아깝고 너무 화나네요. 다시는 안 갑니다 유명하고 맛있다고 하더니 전혀요
18,1799256978,3, 
19,1799256978,1,초밥 나올 때 간장을 같이 가져다 주지 않아서 갖다 달라 했는데 그거 하나 준비 하는데 5분이 넘게 걸리고 두명이서 먹는데 간장접시 '단 한개'를 들고 오며 그 마저도 많이 줬다면서 생색내는 초밥집은 살면서 처음 보네요 알바생 교육부터 똑바로 시키세요 제발
20,1799256978,3, 
21,1799256978,5,신선한 퀄리티!
22,1799256978,5,가격도 나쁘지않고 서비스도 좋고 후식도 줘서 잘 먹고갔습니다~~ 최고에요^^
23,1799256978,5,가성비 너무 좋음! 식재료들도 다 신선하고 !!!
24,1799256978,5,가성비 짱!
25,1799256978,5, 
26,1799256978,5,맛있고 가격쌈
27,1799256978,3,초밥 시키면 에피타이저 느낌으로 메밀 소바가 나옵니다. 미소국도 같이나옵니다. 맛은 괜찮으나 메밀소바 국물에서 플라스틱 조각이 나왔습니다... 호출벨을 누르면 직원분들이 대답은 하나 오시지는 않습니다. 더 늦게 부른 옆테이블 손님 먼저 주문을 받으시더군요. 초밥은 젓가락으로 집으려고하면 밥과 회가 너무 잘 분리 되었습니다. 신부동에 마땅히 더 나은 초밥집을 못 찾아서 가끔 방문을 하지만 4번 방문중 최악의 경험이였던 것 같습니다. 2020.6.7 방문
28,1799256978,3, 
29,1799256978,4, 
30,1799256978,5,맛있어요♡
31,1799256978,5, 
32,1799256978,5, 
33,1799256978,3, 
34,1799256978,3,직원 모두 친절해요. 손님이 많아서 음식 나오는데 시간이 조금 걸리는 느낌이고 점심특선은 만원으로 가격이 좋아요. 괜찮기는 하지만 4점주기는 조금 아까운맛
0,26600149,5, 
1,26600149,3, 
0,1241555387,5, 
1,1241555387,5,존맛탱
0,1499251826,1,에혀
1,1499251826,1, 
2,1499251826,4,저렴하지만 맛있음.. 한 세번 정도 간것 같음
3,1499251826,2,그냥 그랬어요
0,1919991811,5,정말 애정하는 에스프레소 맛집이고 꼭 오시길 추천드립니다
1,1919991811,5,음료 예쁘고 맛있어요 자리는 살짝 협소해요
2,1919991811,5,커피를 좋아하면 가볼만 해요.
3,1919991811,5, 
4,1919991811,5,집근처였으면 매일 갔을듯...굿
5,1919991811,5,진하게 뽑힌 에스프레소 너무 맛있어요! 최근에 묽게 뽑는 에스프레소바가 많아 아쉬웠는데 여긴 제대롭니다. 무엇보다 잔을 데워주셔서 온도를 유지하면서 마실 수 있어요. 다른곳에선 2~3잔 주문하면 한잔 맛보는동안 나머지는 식어버리는데 뉴클래식은 한잔씩 내어주셔셔 좋았어요. 근처로 이사오고 싶어지는 맛과 서비스 입니다!
6,1919991811,5, 
7,1919991811,5, 
8,1919991811,5, 
9,1919991811,5,커피가 진짜 맛있어요~ 카페 분위기도 정말 좋아요!!
10,1919991811,5,최애 카페가 될 것 같다.
0,1210880994,5, 
1,1210880994,5,아바라 굿잡
2,1210880994,5,폐가의 변신...케익이 예쁘고 맛남
0,696321779,5, 
1,696321779,4,좀 짭짤하지만 맛있어요. 재방문 해서 라멘도 먹어보고싶어요.
2,696321779,4, 
3,696321779,5,맛남
4,696321779,5,입소문 안났으면 좋겠어요 나혼자 맨날먹게
5,696321779,5, 
6,696321779,3, 
7,696321779,5,맛있고 가성비가 엄청납니다
8,696321779,5,맛있어요!
9,696321779,5, 
10,696321779,5, 
0,1232989191,1,가계 영업안합니다.. 헛걸음 하실까봐 알려드림..
1,1232989191,5,볶음밥 맛있어요 짬뽕국물도 bb
0,1416103983,1, 
1,1416103983,1,1점 밑에 줄 수가 없네. 어쩔 수 없이 끌려온건데 진짜 차라리 이 돈으로 다른 일품집을 가시던가 돈 더 내고 딴 뷔페가셈
2,1416103983,1,블로그리뷰만 보고 왔어요... 볼일 보러 천안 왔다가 들렀는데... 평일 저녁 브레이크타임 끝나고 들어왔는데 탕수육은 차갑고 짬뽕국물은 상가집 육계장 국물맛이 나는... 여기 초밥부페라고 왔는데 초밥 종류도 적고 정말 기본만 있는 곳이네요... 스테이크는 1인 하나주는데 힘줄이 넘 많아서 씹기가 힘들었내요... 우린 초밥부페를 먹으러 온건데 ㅠㅠ 분식 부페인듯... 창가자리 천안 번화가를 보는건 저녁되니 나름 좋지만요...
3,1416103983,1, 
0,1265990812,5,친절하시고 맛있어용 기본 야채도 너무너무 맛나서 주기적으로 가용
1,1265990812,5,맛있다옹
2,1265990812,5, 
3,1265990812,5,사장님 친절하시고 음식 맛있어용~♡
4,1265990812,5,새로 생긴거 같은데 김밥이랑 떡볶이 맛있내용~~
0,1741125840,5,고기도 맛있고 비빔냉면이 의외로 굉장히 맛있음
0,21399443,4,"모듬전(버섯,두부,호박,깻잎,소세지.) 중자에 막걸리 2명이서 먹기에 배불러요! 맛있어요~"
0,12408254,5,"사장님, 직원분들 친절하시고 셀프코너 이용도 가능해서 가성비도 좋고 맛도 좋더라구요"
0,20347380,5, 
1,20347380,5, 
2,20347380,5,내부 분위기도 좋고 음료도 넘 다양해서 좋아요!사장님도 친절하셔서 기분 좋은 방문이었어요
0,193947170,5, 
1,193947170,2,비위생적입니다. 컵에 립스틱자국이 덕지덕지 묻어있었습니다.
0,1502781165,5,베이글 쫀득하고 맛있어요 소금베이글 강추 크림치즈들도 쏘굿
0,9564143,2,안가면 되지 뭘
1,9564143,5, 
2,9564143,5,맛있어요
0,21463279,2,수제돈까스 맛있습니다. 밥이 적습니다 반공기 도 안나옵니다. 너무 적어서 더 줄수 있냐니까 얼굴가리고 자기들끼리 숙덕거리는데  맛있어서 이틀연속 간집에서 기분만 더러워졌습니다. 테이블에 개 있습니다. 개랑 겸상했습니다. 비위생적입니다.
0,2143500832,5, 
0,1670591097,5,버스 타고 터미널을 오고 가고 하다 발견해서 처음 가보았는데 아담하니 좋더라구요~걱정 근심이 너무 많아 고민 고민하다가 갔는데 몰랐던 부분까지 알게 되고 자세히 설명도 해주시고~잘 갔다왔다는 생각이 절로~
0,8426216,5,천안에서 손꼽히는 만두전골 맛집. 3명이서 왔으면 군만두도 꼭 시키시길.
1,8426216,5, 
2,8426216,4, 
3,8426216,5,생생정보통 보고 다음날 갔었는데 만두도 안 자극적이고 진짜 맛있어요 만두만 따로 포장해가고 싶은 정도. 매운 거 잘 못 드시는 분들은 미리 주문할 때 덜 맵게 해달라고 하셔야 됩니다
4,8426216,1,배가 부르셧나 코로나때문에 집에서 먹으려고 포장으로 사갈려했는데 포장안한다 하네요
5,8426216,5,머리카락 하나쯤은 그냥 좀 빼고 먹읍시다
6,8426216,5, 
7,8426216,2, 
8,8426216,5, 
9,8426216,1,만두에서 엄청 긴 머리카락나왔는데 사장님 대처가 굉장히 별로여서 기분나빴어요 다신안감
10,8426216,5,만두가 완전 여자 성인 주먹만하구 담백하게 짱맛있어요!!!!!!! 칼국수만두전골 시키면 칼국수 리필도 가능해용〰️ 국물도 적당히 칼칼해서 완전 맛있었습니다!! 다음에도 또 방문할 예정이에요~!~! 번창하세요 사장님
11,8426216,5,만두맛집 인정!! 만두가 크고 알차요. 직원분들도 친절하시고 깔끔하고 좋아요
12,8426216,3,전골과 반찬들이 정갈하고 모두 맛이 깔끔. 식당 내부도 깨끗. 어른들도 좋아할 맛이고 간이 세지는 않은데 기본적으로 얼큰함이 있다. 김치콩나물해장국 같은 느낌이고 배추도 들어있어서 시원하다. 엄청나게 맛있지는 않지만 가볼 만 하다.
13,8426216,3, 
0,324345264,5, 
1,324345264,1, 
2,324345264,2,인테리어나 분위기는 좋은데 화장실이 공용이고 커피가 맛이 없어요.. 아메리카노 시켰는데 밍밍하네요..
0,97837649,1, 
1,97837649,3,"전반적으로 맛있었는데, 피자에 올라간 감자가 냉동인건지 덜 데워졌어서 조금 아쉬웠어요ㅠ 칵테일은 다 예쁘고 달달했습니다!"
2,97837649,3,칵테일이 정말 음료같고 에이드같아서 좋았어요 엄청 이쁜데 나중에는 삼층 가고 싶어요!
3,97837649,3, 
4,97837649,4,인테리어나 자리가 편하진 않음 근데 모히또 맛있음 안주는 배불러서 못먹었음 아쉽
5,97837649,3, 
6,97837649,3,계단이 너무 좁아서 불편해요... 내 감성은 아님
7,97837649,5,맛있음
8,97837649,4, 
9,97837649,5,분위기 미쳤네요
10,97837649,5, 
0,27419724,1,불친절; 가지마세요
1,27419724,1, 
2,27419724,1, 
3,27419724,5,인기 많음
4,27419724,5, 
0,2120508846,5, 
1,2120508846,5,원래 혼자하시다가 직원 한분이 추가되셔서 음식 서빙 속도가 많이빨라졌어요. 음식이 조금 간이 센 편이긴한데 맛있습니다
2,2120508846,5,음식하나하나가 다 고급지고 맛있습니다
3,2120508846,4, 
4,2120508846,5,새우파스타미쳤음
5,2120508846,5,너무 맛있는데 또 플레이팅도 예뻐요..
6,2120508846,5,시킨 모든 메뉴가 푸짐하고 너무너무 맛있었어요! 천안에 굳이 찾아갈만한 집!
7,2120508846,5,비싸긴 하지만 정말정말즈엉말 맛있어여.. 재료도 듬뿍..
8,2120508846,4, 
9,2120508846,5,파스타랑 리조또 둘다 맛있어요>_<
0,26560973,5, 
1,26560973,2, 
2,26560973,5,고양이가 귀여움
3,26560973,3, 
4,26560973,5,예쁘고 좋아요
0,1872570493,5,여기는 진짜 찐이에요 ㅠ.. 학교 다닐때 많이 먹었는데 이젠 멀어서 못가는 ㅠㅠ….. 가끔 생각나요
1,1872570493,5,살면서 천안시를 딱 세 번 가봤는데 첫 번째 빼고 전부 여기서 밥 먹었어요.. 진짜 맛있구 사장님도 친절하시구 분위기도 좋았어요!! 별 다섯 개가 최대라 아쉬움 ㅠㅠ
2,1872570493,5, 
3,1872570493,5, 
4,1872570493,5,천안 마라탕 중 제일 맛있는거 같아요. 가게도 깔끔하고 맵기도 2단계하면 적당히 맵고 맛있습니다. 고기 추가는 무조건 해야함.
5,1872570493,5, 
6,1872570493,5, 
7,1872570493,5, 
8,1872570493,5,마라탕 처음먹으러 왔는데 친잘하게 하나하나 다 알려주시고 특히 소고기 추가 3000원인데 꼬옥 추가해서 드시고 쌀국수면 맛있어용 여기 최고☺️
0,406298405,1, 
0,657899275,5,와 주인이 바뀐건지 너무 친절해요 ㅋㅋㅋㅋㅋㅋ광고 절대 아니고 2층으로 위치 바뀌고 너무너무 친절해요
1,657899275,1, 
2,657899275,2,"공기밥, 볶음밥 둘다 밥이 설 익어 나와서 먹고나서 속이 더부룩하네여 ㅎㅎ"
3,657899275,1,할말이없어요..
4,657899275,1,호오옥시나 하고 다시가볼까하고 후기보니 여전하신거같아서 그날 그때 사장님 말투랑 응대생각나서 갑자기 확 기분잡치네여…기분나빠서 사진도지운 밥집 안갈래요ㅜ
5,657899275,1, 
6,657899275,2, 
7,657899275,1,어떻게 된게 사장보다 알바생이 더 친절함ㅋㅋ 사장이 돈벌 맘은 있나싶다
8,657899275,3, 
9,657899275,4, 
10,657899275,5,스키야키에 반한 이후로 스키야키 먹으러만 감
0,24582142,5, 
1,24582142,4, 
2,24582142,1,다시는 배달시키지 않겠어요
3,24582142,3, 
0,893755193,1,"이곳은 재방문 의사 전혀 없어요. 여러군데를 다녀보지만 다른 지점과는 차이가 있네요. 뚝배기에 채소류는 사진과는 전혀다른 양도 적고 숨이 다 죽은채로 나오고, 다른곳보다 뼈도 갯수도 적고  전체 양도 적네요. 점원은 친절은 했어요."
1,893755193,1,손님을 업신여김.. 밥 먹는동안 기분이 너무 나빴음
2,893755193,5, 
0,206554887,1, 
1,206554887,5, 
2,206554887,5, 
3,206554887,5, 
4,206554887,5, 
5,206554887,5,군대때매 빡빡 밀어버린 사람 배웅하고 먹었는데 맛있네요
0,1639175,5, 
1,1639175,5,가게분위기도 너무 좋고 사장님이 예쁜 조명도 켜쥬셔서 사진찍으며 편안히 있다 왔습니다 ㅎㅎ 너무 좋아서 또 가고 싶어요!
2,1639175,4,공간이 넓진 않으나 맛도 있고 좋았어욥 푸딩도 드세요
3,1639175,5, 
4,1639175,4, 
5,1639175,5, 
6,1639175,4,날씨가 좋았으면 테라스에서 먹었을 정도로 인테리어를 되게 예쁘게 하신듯! 커스터드 푸딩 진짜 계속 생각날 정도로 엄청 맛나요 ㅎㅎ
0,2092815795,5, 
1,2092815795,5, 
2,2092815795,1,"치킨시켰는데, 1시간 넘게 걸렸고 치킨 다 식었네요. 여러곳 다 들리고나서 왔나봐요? 눅눅한 치킨이라니... 매장에 2번이나 전화했는데 제대로 답도 안 주시고....멀면 이해라도 하지 2.5km 12분 거리였습니다. 사장님, 정신차리세요. 배달원 배달비 아끼려다 가게 평점 잃는게 더 위험한 것 아닐까요? 늦게와서 죄송하다고 얘기도 없고... 이런 치킨 처음이고 주말도 아닌 평일 저녁에 이 정도면 주말은 알만하네요. 박스에 습기찬 거 사진첨부합니다. 안 믿으실까봐^^ 이 정도까지 박스가 습찬거면 튀긴지 한참된 치킨 배달한 거 빼박이쥬?^^? 60계치킨 첨인데 이런 경험 시켜주시네요.. (영수증 17시 49분에 주문 접수했고, 치킨이 7시에 왔습니다)"
3,2092815795,4,매우 늦은시간에 갔음에도 불구하고 괜찮은 가격에 (10000원짜리 닥봉?인가 였어요) 되게 맛있게 먹고왔어요 양도 많았는데 다른메뉴는 잘 모르겠어서
0,320294461,5, 
1,320294461,2, 
0,24083803,3,평범
0,172755362,5, 
0,224051737,2, 
1,224051737,5, 
2,224051737,3,가격은 착하나 음식량이 많지 않습니다. 맛은 평균. 어린아이 입에는 나쁘지 않습니다.
3,224051737,2, 
4,224051737,4,저렴하니 무난
5,224051737,5,"더블데이트, 그냥 데이트, 친구랑 놀때도 자주 갔던 파스타집인데 항상 최고입니다~오픈하자마자가는데 사람들이 진짜 빨리 오고 많더라고요. 그만큼 맛있다는거죠ㅎㅎ저렴하고 직원들도 친절하시고 음식도 빨리 나와서 굉장히 좋습니다."
6,224051737,4, 
7,224051737,4,굿
8,224051737,4,가성비는 좋음
9,224051737,5,존맛
10,224051737,2,제가 너무 까다로운건가여.. 가격 고려해도 아쉬운 맛
11,224051737,2,"참고로 백종원 체인점...  2층 계단 ㅎㄷㄷ 하고...내부 인테리어나 주방, 서비스는 좋음... 프렌차이즈다 보니..단짠이 심하고 젋은층 고객만 대상으로 해서...유아의자 없네요... 파스타 면은 일반적이 아닌 국수같은 얇은 면인데... 개인적으로 안좋아 합니다.. 프렌차이즈는 역시 프렌차이즈라는 생각을 못 벗어나게 하는 가성비 네요..실망..."
12,224051737,5, 
13,224051737,5,가성비갑
0,1256781796,5, 
1,1256781796,5,맛도 좋고 인테리어도 예쁘고  최고예요!
2,1256781796,1,나이든 사장님? 알바생? 불친절 이렇게 주문받는사람 처음봄
3,1256781796,2,불친절
4,1256781796,2,불친절
5,1256781796,2, 
0,939748493,5,칵테일 너무 맛있었어요 알바생분들도 너무 착하시고 다음에 또 오고 싶었어요
1,939748493,5,코젤다크 3잔시키면 감튀주는 이벤트때문에 계속 찾게되는 곳. 코젤타크가 너무 맛있음.
2,939748493,1,사장 좀 예의 없음 별로
3,939748493,5, 
0,27445593,1, 
1,27445593,5, 
2,27445593,5, 
3,27445593,5, 
4,27445593,4, 
5,27445593,4, 
6,27445593,5,갓디야마할
7,27445593,5,인도 커리를 체험하기에 제격
8,27445593,5, 
9,27445593,4,인도직원분 친절하고 맛있어요!
10,27445593,2,음식은 맛있는데 알바생이 너무 불친절.
0,615593614,5,늘 자주 오는 매장이예요! 복층으로 되어있어서 오래 앉아있기도 좋고 원두도 선택가능하고 조각케익 종류도 많아서 좋아요! 직원분들도 친절해요ㅎㅎ 주차는 좀 불편하고 디카페인이 없다는점과 화장실이 좀 아쉬워요!
1,615593614,1, 
2,615593614,5,투썸플레이스
3,615593614,1,분위기는 좋은 것 같으나 홀케이크 예약은 절대로 하지 마시길…. 일주일전 예약했는데 픽업 당일날 재고 없다고;;; 한시간전에 알려주시네요… 이건 무슨 경우인지
4,615593614,5, 
0,350587468,3,찍찍찍..
1,350587468,5,사진이 이쁘데 나와요
2,350587468,5,수플레도 너무 맛있고 인테리어도 너무 예뻐요 ㅎㅎ
0,1730515292,1,양적고 맛없쪙 ㅋ 고기가 딱딱해 말라비틀어져있어
1,1730515292,4,양이 줄은 감이 있지만 맛있습니다!
2,1730515292,1,어떤직원은 정말 친절했는데 오늘 오후 6시경 직원은 정말 불친절하네요
3,1730515292,1,직원이 불친절 항상 재고가 없다고 국수를 못 먹음. 밥도 다 안 돼서 공기밥도 못 먹음. 넉넉히 준비해둬야할 필요가있음
4,1730515292,2,내취향엔 별로였음 너무 짜..
5,1730515292,1,늦게 나오고 알바생 개불친절 주문할때 눈치봐야댐 맛은 천안서 젤 별로
6,1730515292,3, 
7,1730515292,1,서빙이 서툴고 너무 늦어요 다신 안 가고 싶어요
8,1730515292,1,맛은 있는데 알바생분이 기분이 너무 안좋아보여서 맛있게 먹다가 저희도  기분 나빠졌네요
9,1730515292,3,맛있냐? 그저 그렇던데; 한번 경험삼아 먹어봄 굳이 내돈주고는 절대안갈듯
10,1730515292,5,개존맛
11,1730515292,2, 
12,1730515292,2, 
13,1730515292,5,마이뜸
14,1730515292,5,정말 맛있어요
0,20435328,4, 
1,20435328,5,항상 무난하고 안정적이고 괜찮은맛
2,20435328,5,직원분이 너무 친절하셔서 기분 좋게 식사 할 수 있었습니다~!~!
3,20435328,2, 
4,20435328,3, 
5,20435328,1,밑에 별점 1점이랑 똑같아요 양은 적고 맛은그냥그래요
6,20435328,3, 
7,20435328,4, 
0,27549732,4, 
1,27549732,5,종맛
0,21487589,5, 
1,21487589,5, 
2,21487589,5, 
3,21487589,5,"천안사람 아니지만 열날개 먹으러 천안까지 가서 먹었습니다,, 매워서 먹는 동안 테이블엔 쓰읍-하 하는 소리만 나지만 진심 맛있어요ㅠ 호불호는 갈리겠지만 전 한 번 먹어보고 빠져벌임,, 생각만 해도 침 고이는 비쥬얼과 맛 ㅠㅠ 또가고싶다"
0,437421685,1, 
1,437421685,5, 
2,437421685,5, 
3,437421685,5, 
4,437421685,5,진짜 너무맛있음..
5,437421685,5,차돌 떡볶이 먹었는데 진짜 떡 부터 야채랑 다 맛있고 특히 볶음밥이 진짜 맛있어요... 계속 생각날 것 같아요!
6,437421685,5,사장님도 너무 친절하시고 떡볶이도 너무너무 맛있네요ㅠㅠㅠㅠ 담에 또 올게요!!
7,437421685,5,진짜 양도 짱 많구 짱 친절하고 치즈 시키면 엄청 많이 주심 ㅜㅜ 진짜 사랑이다 이 가게.. 최고에요
8,437421685,5, 
9,437421685,5, 
10,437421685,5,지나가다 떡볶이집이 새로 오픈했길래 먹어봤는데  정말맛잇네요ㅠㅠ 오랜만에 맛있는 떡볶이 먹었네요!! 사장님도 친절친절  번창하세여~
0,248614502,2, 
1,248614502,1,"얼마나 맛있는지 모르겠지만 태도가 엄청 나빴음.. 오늘 언니랑 방문했는데 진짜 욕나올정도 … ㅋㅋ 직원인지 사장인지 모르겠지만 ㅋㅋ태도가 진짜대단했어요.. 장사하는데 “팔고 싶지 않다”라는 태도,표정,말투, 눈치까지 지금까지 아직 화가 나요… 지나가다가 빵 맛있어 보여서 사고 싶은데 판매자 태도 진짜 충격  ~~ 절대 다시 안 사요~~~ 태도 바꾸세요~~~"
2,248614502,5,옛날 부산에서 먹었던 옵스 슈크림이 생각나는 맛… 맛있당
0,27232168,1, 
1,27232168,1,예전에 갔었는데 와 위생이 대박! 위생청에 신고하고 싶은 마음이 굴뚝 같았음 더러운 신전 먹고 배탈나고 싶으면 꼭 가세용
2,27232168,1,불친절 + 맛없음
3,27232168,1, 
4,27232168,4,그냥 평범한 신떡
5,27232168,4, 
6,27232168,4, 
7,27232168,1, 
8,27232168,1,주변에 마떡이나 청년다방 가세요 .. 신전 좋아하는데 여긴 진짜 ..
0,1280456136,4, 
1,1280456136,3,기대가 컸던 것 같아요 보통이에요
2,1280456136,4,무난하게 조음
0,621118390,5,레드벨벳 쿠키 너무 맛있어요.
1,621118390,5,쿠키 대박 맛있어요!! 또 가고싶어요 : )
0,1553947492,5, 
1,1553947492,1, 
0,280718620,5, 
0,1174006885,5,엑설런트 라떼 맛에 취하고 갑니다
0,27514849,1, 
1,27514849,1,방송나왔다고  해서별러서 가보았는데 면은기계면에다 국물도 별맛아니고 김치도 별르네요.
2,27514849,5,칼국수는 쏘쏘 수육 약고추장때문에 자꾸가게돼요 남은거 포장하면 귀찮은듯 턱턱해주시는데 쌈야채 약고추장 김치 고추 싹 새로넣어주셔요
3,27514849,3, 
4,27514849,3,수육 맛 좋아요
5,27514849,1, 
6,27514849,5, 
7,27514849,4,수육이 참 맛나고 소스가 특이하니 맛있었음. 칼국수는 기본적으로 닭육수 베이스에 바지락향이 들어간 느낌으로 후추향이 강했음. 바지락 뿐만 아니라 굴이 들어가서 신기했음. 주차는 옆의 농협 유료 주차장에 세우면 됨.
8,27514849,5,시장에 있는 원조옥수사보다 여기 칼국수가 갠적으로 더 맛있음
9,27514849,1, 
10,27514849,4,엄청맛있다는 아닌데 면이쫄깃하고 양많고 깍두기가 맛나네요
11,27514849,5, 
12,27514849,4,수육이 맛있어요ㅡ 칼국수도 맛집!
13,27514849,4,신부동에서 겨울에 칼국수 먹고 싶으면 가는 곳 중 한 곳이다. 수육은 안먹어 봤지만 칼국수에 굴이랑 고기도 있어 국물이 좋다.
14,27514849,4, 
15,27514849,2,아쉽게도 명성과달리 프렌차이즈를 넘어서는 무언가가 없었다
16,27514849,5, 
17,27514849,1, 
18,27514849,5, 
19,27514849,3,"천안의 칼국수, 수육 맛집. 이 집만의 비법인 고추장과 쑥갓 등 야채에 싸먹는 독특한 수육과 굴, 소고기 양지 베이스의 시원한 국물과 쫄깃한 면발의 칼국수가 훌륭하다."
20,27514849,3, 
21,27514849,2,수육이 너무 비싸고 가격에 비해 별로에요. 그리고 칼국수 집인데 겉절이가 없는게 충격이네요.
22,27514849,3, 
23,27514849,4,"오만가지 해산물중  작은 사이즈의 석화가 있었고 수육은 5,000원에 엄청 푸짐했었던 기억."
24,27514849,4, 
25,27514849,5, 
26,27514849,5,야우리에 허름한 맛집 ㅎㅎ 맛있음.
0,1278013556,2, 
1,1278013556,3, 
2,1278013556,5,최고 맛있다.
3,1278013556,4,느끼한것잘못먹고 라면별로 안좋아하는데 오늘은왠지 국물이먹고싶어서 근처 라멘집가서 먹어봤는데 취향은아니네요 리뷰보면 다들맛있다그래서 별4점
4,1278013556,3, 
5,1278013556,5,"홍대 근처 라멘집을 많이 돌아다니는데, 그 가게들과 비교해도 전혀 뒤떨어지지 않습니다. 오히려 특색있는 돈코츠라멘입니다 추천합니다"
6,1278013556,5,맛남
7,1278013556,3, 
8,1278013556,5,개인적으로 천안에서 제일 맛있는 라멘집이라고 생각해요☺️
9,1278013556,4,맛있음! 국물이 찐함
10,1278013556,5,몇 번 먹었지만 실망시키지 않는 맛.
11,1278013556,5,탕정가다 터미널앞으로 가는데 여기가 좀더 맛있는 느낌
12,1278013556,5,쵝오 개꾸르르르르르르르맛이에욤
13,1278013556,3, 
14,1278013556,5,미소라멘도 맛있어요.
15,1278013556,5,싸고 맛남
16,1278013556,5,뜨끈란 화산라면 딱 제스타일 ㅋㅋ 한식느낌도나구요 대신 테이블이 너어어어어어무 쩝아요
17,1278013556,2, 
18,1278013556,1,"최악. 너무 느끼햐여,, 쌍용동 본점이 최고임"
19,1278013556,4, 
20,1278013556,5,돈코츠라멘에 차슈 계란 추가해서먹었는데 후회안할맛이에요 맛잇어요 다른메뉴도궁금합니다
21,1278013556,5,맛이씀
22,1278013556,5,쌍용점 존맛인데 신부동에도 있어서 갔더니 여기도 존맛이예요 최고최고
23,1278013556,5,맛있움
24,1278013556,5, 
25,1278013556,5, 
26,1278013556,5, 
27,1278013556,5,카라구찌라멘 진짜 맛있어요!
28,1278013556,5, 
29,1278013556,2,예전에 가보고 별로였는데 대기가 있어서 그때 내가 입맛이 별로였나? 하고 두번째로 가봤는데 돈코츠 라멘 시켰는데 계란은 차갑고 면발은 별로고 국물은 그저 그럽니다 엄청 맛없지는 않는데 맛있지도 않습니다 그냥 한끼 떼우러는 괜찮은데 줄서서 먹기는 별로임
30,1278013556,3, 
0,1060578667,4,진짜 하나하나 특히 대창 너무 맛있고 직원인지 사장인지 직접 구워주시고 친절하시고 다 좋은데 직원들이랑 사장? 여러명에서 대화를 하시는데 시끄러우심 사람은 별로 없어요
1,1060578667,1,"곱창 염톰 막창 대창 다 질김 그래서 질기다고 했더니 직원인지 사장인지 모를사람이 자기가 먹어보더니 자긴 손님들한테 그런 얘기 못들어봤고, 내 기준 맛있고 팔 수 있다고 그럼 황당했음; 다신 안감"
0,23301441,1, 
1,23301441,1,배달 시켰는데 코카콜라 하나는 제로가 아닌 둘다 오리지널인건 그런가보다 하고 넘겼는데 핫칠리 소스는 너무 적고 오믈렛 정말 별로 이렇게 맛없는 샌드위치는 처음인듯
2,23301441,5, 
3,23301441,1,"dirty, cashiers don't speak english"
4,23301441,4,맛있어요! 신부동에 있는거치고 매장이 되게 작은데 손님은 많아서 조금 오래걸려요ㅠㅠ 알바분들이 많이 힘드실거같더라구요..어플로 주문해서 찾으러 가면 너무 좁고 손님은 많고 알바분 얼굴이 가려져서 잘 보이지가 않아서 소리치듯이 말해야해욬ㅅㅋㄱㅋㄱ큐ㅠㅠㅠㅠㅠ
5,23301441,5,넘넘 친절하시구! 야채 많이 넣어주셔서 좋아용 ㅎㅎㅎㅎ
6,23301441,4, 
7,23301441,5, 
8,23301441,5, 
9,23301441,5, 
0,612039275,5,5년전부터 서울에 사는데 여기 닭발 못 잊어서 한달에 한번씩 찾아갔던 곳. 요즘은 코로나 때문에 그만큼은 못가지만 이 집 특유의 자극적인데 맛있고 중독성있는 국물닭발과 이것과 잘 어울리는 계란찜이 극락의 맛이다. 매운거 좋아하면 여기 메뉴 다 맛있을 것을 감히 장담한다.
1,612039275,1,별로... 너무 자극적인ㅏ맛 .. 다신안갈듯
0,992754312,1, 
1,992754312,5, 
0,63427248,5,여기 분보라고 레몬그라스 쌀국수 진짜 베트남에서 먹었던 쌀국수 맛이랑 가장 유사한 거 같아요ㅎㅎ 맛있고 가격도 괜찮아요👍👍
1,63427248,5, 
2,63427248,5,진짜 맛있음 다낭보다 맛있네
3,63427248,5, 
4,63427248,5,베트남 현지랑 똑같
5,63427248,5,베트남 현지분들이 운영하시는거같은데 맛있어요! 가격도 싸서 좋네요
0,313002875,5, 
1,313002875,2,샤리도 이상하고 음식이 되게 늦게나옴 회전률 느림  그냥 요 앞에 상무초밥 가시길
2,313002875,4,소바랑 초밥 다 맛있어요 근데 바쁘셔서 그런지 대기가 있어도 잘 확인을 못하세요 회전도 빨리 안 되는 느낌이고 .. 그것만 빼면 내부 깔끔하고 음식 맛있고 좋았습니다
0,800111714,3, 
0,689965959,5, 
0,1304814194,3,두부김치에 김치가 너무 맛없어서 김치는 다 남겼어요…그래도 친구말로는 다른 메뉴들은 맛있다고 해서 다음에는 다른거 시도해볼려고요
1,1304814194,5, 
0,768498451,5,여기가게 청당동398-16번지로 이전했습니다
1,768498451,5,아... 이런 착한집이 사라지다니 ㅜㅜㅜ
2,768498451,5,26일까지만 영업하신다고 하네요.
3,768498451,5,"먹는 내내 다른 메뉴들은 얼마나 맛있을까? 생각하며 먹었습니다. 가격대도 지금 물가에 비해 저렴했지만 그냥 가격은 차치하고서 국수 자체가 훌륭했습니다. 곧 천안을 떠나는 입장에서 왜 이제서야 이 가게를 알았을까, 너무너무너무 아쉽습니다."
4,768498451,5,가격도 싸고 맛있음
0,744120758,2,식사다하고 음식 많이 남기셨나요? 는 왜 물어보시는지 이상하네요 직원 메뉴얼인가 그리고 불친절
1,744120758,5, 
2,744120758,1, 
3,744120758,4,진짜 자주 가는곳인데 분모자가 생겨서 너무 행복하구요ㅎㅎ맛있고 튀김도 바삭바삭하고 좋은데 올때마다 다르지만 치킨이 많이 딱딱할때가 있더라구요ㅜ사람 많고 좋습니다
4,744120758,1, 
5,744120758,3, 
6,744120758,1,제일 중요한 떡모 소스가 없음...평일 저녁 6시에 갔는데 없는 게 말이 됨? 없으면 만들어야지 사람 제일 많을 시간에..먹을 수 있는 떡볶이가 없었음. 맛도 없고 튀김류랑 오뎅은 다 식어있고 질기고...사이다가 젤 맛있었다 진짜..
7,744120758,3,튀김 다 차갑고 매장에서 이상한 냄새났어요
0,1174438362,5,매장이 깔끔해서 좋아요
1,1174438362,5,카공족들한테 이만한 카페는 없을 것 같아요! 매장도 2층으로 돼있어서 넓고 좌석도 공부하기 편하게 되어있어요! 자리마다 콘센트도 있어서 노트북같은 전자기기 가져와서 충전하면서 공부하기 좋아요 ㅎㅎ 물론 공부가 목적이 아니더라도 음료 시켜놓고 대화하기에도 편안한 공간입니다 매장이 넓고 자리가 많아서 오랫동안 머물어도 눈치보이지 않아요~! 그리고 매장 청결상태도 아주 좋습니다 특히 화장실에서 아주 좋은 향기가 나요~ 청결에 얼마나 신경쓰는지 알 수 있었습니다
2,1174438362,1,이딴곳 처음 봤음 30개월도 안된 애들 음료 1인 1메뉴 시켜야하는 곳임. 앉자 마자 음료 시키라고 닥달하고.. 진짜 이딴곳 처음이라는게 괜한 말이 아님.. 노어이ㅋㅋ 그렇다고 애들 메뉴 있는것도 아니면서👎🏻
3,1174438362,1,알바생 너무 불친절해요
4,1174438362,5,알바생 너무 친절하고 이뻐요! 여성용품 필요해서 급하게 말씀드렸는데 본인꺼 빌려주셨어요.. 정말 감사해요
0,1305694475,5,보드게임이 맛있고 음식이 재미있어요
1,1305694475,5,게임이 엄청 많고 감자튀김 너무 맛있어요!!
2,1305694475,5,레드버튼보다 좋은 듯!
3,1305694475,4,화장실 문이 불편한 것 빼고는 괜찮아요. 게임 종류도 많고 공간도 아늑합니다.
0,625402597,1, 
1,625402597,1, 
2,625402597,1,실망
3,625402597,1, 
4,625402597,3, 
5,625402597,4,가격대비 만족
6,625402597,4, 
7,625402597,4,"돈가스 가성비 끝판왕. 가격도 저렴하지만 가장 중요한 건 맛있다. 더블돈가스, 치즈돈가스 먹어봤고 남은건 카레돈가스. 단, 쫄면은 별로임. 얼음물이나 차가운 물에 면을 씻어서 내야하는데 정수기 찬물보다 덜 차가움."
8,625402597,5, 
9,625402597,4,세트메뉴 푸짐해서 맛 있게 먹었어요.
10,625402597,5,"가격도 저령하고 푸짐하며 맛있어요., 강추!"
0,303106520,5,깨끗해요
0,838825043,5,향신료맛도 강하지않고 좋았습니다!!
1,838825043,1, 
0,17202154,1, 
1,17202154,1, 
2,17202154,2,너무 양이 적고 짜요.. 가격 대비 별로네요. 그냥 집에서 만들어 먹는게 나을것같아요.
3,17202154,1,"아주머니 불친절하세요. 그리고 가격에비해 맛도 별로였습니다... 저랑 제 친구 둘다 짜다고 느꼈고요 물론 불친절해서 더 그렇게 느꼈을 수 도 있겠네요. 주문 받을때도 잘 모르면 친절하게 설명해주시면 되는데, 매장 내에 사람들 모두 얘기하다가 저희 테이블 주문받는거 듣고 분위기 싸해질 정도로 불친절하게 말씀하셨습니다. 저 뭐 예의 없이 얘기한거 아니고 ""치즈 닭갈비 하나랑요.."" 딱 그 말.. 말도 하다가 끊겼습니다. 짜증내면서 2인분 부터 주문 가능하세요 하시면서 말 끊어 버리시고 그러시더라구요.. 저랑 같이 온 친구도 불친절한거 느꼈습니다. 제가 뭐 1인분 주문하고 나머지 1인분 서비스로 달라고 한것도 아니고.. 무례하게 반말로 주문한것도 아니고.. 꼭 그렇게 하셨어야 하는지 의문이 들었고, 닭갈비집 들어간거 후회할 정도로 맛도 없었어요. 짜요.. 물론 사람마다 느끼는건 다르겠지만 저는 매우매우 짰습니다. 그리고 기분좋게 들어갔는데 불친절한 대우를 받으면 뭐가 맛이 있겠습니까..? 제가 돈내고 밥먹는 입장에서 갑질 한 것도 아니고 진짜 다시 생각하니까 화나네..ㅠㅠ 저는 다신 안갈겁니다."
4,17202154,3, 
5,17202154,5, 
0,656140534,5, 
1,656140534,5, 
2,656140534,1,"맛은 나쁘지 않았으나 한번 더 갈 것 같진않습니다,,위생사유 위생이 진짜 별로"
3,656140534,4, 
4,656140534,4,맛이좋아요
5,656140534,5,맛있음 혼자먹기 딱좋아요
6,656140534,4,맛있음
7,656140534,5, 
8,656140534,5,마쉬따
9,656140534,3,걍 텐동 평균 배달되니 좋긴함
10,656140534,4,연근이 딱딱했음
11,656140534,1, 
12,656140534,4, 
13,656140534,1, 
14,656140534,5,텐동 처음 먹어봤는데 적당한 포만감으로 맛있게 잘먹었다. 간장맛은약간의 달달함과 짭잘함이었고 튀김와 밥에 뿌려져서 나오는데 간을 세게 먹는 사람은 간장이 옆에있으니 종지에 따라서 먹으면 될듯. 튀김 여러개 먹으면 원래 느끼한데 여기는 느끼하지않았다. 튀김옷도 바삭하고 그리고 모든 튀김들이 어우러진느낌. 처음 먹어본음식에 흔히 접하지않은 풍미였는데 굉장히 첫인상이좋았다. 극찬합니다. 담에 올땐 지인이랑 오겠습니다
15,656140534,4,맛있었는데 몇 개의 튀김들이 눅눅하다고 했어요.. 바삭한 식감은 안 느껴진거 말고는 전체적으로 만족했어요. 그 부분만 신경 쓰시면 될거같고 와사비도 셀프바에 제공 하셔서 개인적으로 정말 좋았어요 ㅋㅋ 엄마도 텐동 처음 접해보셨는데 맛있다고 하시네요 ㅋㅋㅋ
16,656140534,1,맛 없어요.
17,656140534,5,브레이크타임 3시~5시 오늘 먹으러 갈껀데 기대되네요 맛없으면 다시 수정하러오겠습니더
18,656140534,4,저는 바삭하니 맛있게먹었어요.  불당동 ㅋㅇㄹㅌ보다는 나았던거같아요. 조리시간 30분걸리는건 지루했지만요~
19,656140534,4, 
20,656140534,1,30분이상 음식만드는거 기다릴사람 가세요 ㅎ
21,656140534,3,다른건 뭐 좋은데.. 여자알바생 불만 있으신지 불친절을 넘어서 사람 불편하게해요. 처음 들어갈때 부터 표정 썩.. 아래 위로 훑고 밥 먹는데 굳이 다 쓰지도 않은 냅킨통 비켜달라고 해서 채우고 밥그릇 앞에 거의 던지다시피 탁탁 놓고 계속 기분 나쁜듯이 행동하시는데 그래도 기분좋게 나가고 싶어서 나갈때 안녕히계세요 이러니 인사 받지도 않네요 ㅜㅜ 주인장이랑 친분 있는 분 아니면 바꾸시는게..
22,656140534,2, 
23,656140534,5,온센 다른지점 많이 가봤는데 여기 튀김 진짜 잘하세요
24,656140534,5, 
25,656140534,5,맛나네요
26,656140534,5,맛있네요 깔끔하고 바삭하고 부드럽습니다
27,656140534,2,골목식당에서 나왔던 그 사람들이 찬양하는 텐동을 생각하시고 가면 실망하실겁니다ㅜㅜㅎㅎ..개인적으로 텐동 많이 먹어보고 다녔는데 튀김옷이 비교적 두꺼운편이고 그러다보니 튀김재료가 고르지않고 과하게 튀겨진것도 있었습니다..가게 위생이나 인테리어는 좋았어요
0,1173036317,5, 
1,1173036317,4,귀여운 맛의 모든 빵
2,1173036317,5,요 근처 살아서 넘 행복해요 ㅎㅎ
3,1173036317,5,친절하시고 케이크 진짜 맨날 먹고싶음 음료는 그냥 평범 카페 내부도 너무 이쁘고 이근처 사는데 여기 안가보면 말이 안댐
4,1173036317,5, 
5,1173036317,5, 
6,1173036317,5,"한입한입이 감동이라 어디 하나 부족한 게 없음. 늘... 커피 외의 다른 메뉴를 먹어봐야지 하는데 커피도 너무 맛있어서 맨날 커피만 리필해 마시고 다른 음료 메뉴를 먹어본 적이 없음 ㅠㅠㅠ 여기 앙버터 스콘, 얼그레이 케이크, ☆☆레몬케이크☆☆ 특히 추천. 케이크도 미리 주문하면 커스텀, 픽업 가능. 모든 직원분들이 친절하시고, 갈 때마다 실망한 적이 없음. 솔직히 나만 아는 작은 루가밀이었으면 좋겠지만.... 이사 온 지금... 가게 아주 번창해서 서울 지점 하나 내셨으면 바라는 마음.... 번창하세요... 진짜로요... 수도권에서 이거 먹으려고 2시간 걸려서 천안 가요..... 20년 뒤에 제 환갑 잔치 때 여기서 케이크랑 디저트 30만원치 주문할것임..... 루가밀 팩토리 인스타로 휴무일과 라인업 확인할 수 있어요.... 대신홍보하고싶을만큼진심입니다번창하세요"
7,1173036317,5, 
8,1173036317,5, 
9,1173036317,5,존맛...스콘 먹고싶어여ㅠㅠ보드게임도 있고 진짜 최애카페ㅠ
10,1173036317,5, 
11,1173036317,5,디저트 제일 맛있는 곳
12,1173036317,5,사장님 친절보스에 메뉴 다 맛있어요 최고(짝짝짝)
0,257973223,5, 
1,257973223,1,다란 지점에 비하면 너무 떠러지는 느낌이 난다 해물의양도 그렇고 쌀국수짬뽕은 면도 덜익어서 별로였지만 숙주가 진짜 조금 들어가서 쌀국수짬뽕에서 느낄수 있는 맛이 전혀없이 보통짬뽕이랑 다른거 하나없고 다시는 안갈거같아요….
2,257973223,1, 
3,257973223,1, 
4,257973223,5, 
5,257973223,4,맛있어요~! 저희 부모님도 맛있다고 하시네요 ㅎㅎ
6,257973223,5, 
7,257973223,3, 
8,257973223,5,프차를 떠나서 최고의 짬뽕
9,257973223,4,짜장면 짬뽕치고 좀 비싸지만 맛있어요
10,257973223,1, 
11,257973223,1, 
12,257973223,2, 
13,257973223,4, 
14,257973223,5, 
15,257973223,2,가격이 좀 센듯
16,257973223,3, 
0,10538294,4,매장 내부가 넓지는 않지만 머그나 텀블러 종류가 꽤 다양하게 디피되어 있어서 좋았어요. 딸기요거트 맛있어요!
1,10538294,4,스벅 굿즈가 많아서 좋아요
2,10538294,5, 
3,10538294,5, 
0,520969371,4,맛있어요
1,520969371,2, 
2,520969371,5,여기 마늘이 신의 한수임 3개 넣어야댐
3,520969371,5, 
4,520969371,3, 
5,520969371,5, 
6,520969371,3, 
7,520969371,4,괜찮은 가격에 밥까지 무료! 주차장 이용도 가능
8,520969371,5, 
9,520969371,5,매운라멘 맛있어요 직원분인가? 알바분인가 여자분이 친절하고 센스있게 응대해 주셔서 좋았습니다 : )
10,520969371,4,맛있게 잘하네요. 매운라멘은 국물이 진하고 감칠맛. 덮밥도맛있는데 같이주는 흰국물은 느글거려서 한숟갈먹고 옆으로치움. 가라아게 추천.
11,520969371,5, 
12,520969371,2,계란 추가했었는데 이 가게는 계란반숙 미리 해놓고 안데우고 넣어줍니다. 계란은 반숙인데 차가워요;;
13,520969371,5,맛도 맛이지만 직원들분 친절하고 주차장도 넓어서 좋았어요^^
14,520969371,5, 
0,1521630141,5,동지 팥죽 예약 걸려고 두정동 다 전화했는데 안받고 유일하게 받아줌
1,1521630141,4,사장님이 매우 친절하십니다. 프랜차이즈라서 맛은 차이가 없어요!
2,1521630141,4,마늘6쪽닭죽인가 그거 맛잇네요
3,1521630141,5, 
0,8120666,5, 
0,718119633,5, 
0,24068775,5, 
1,24068775,1,아.. 리뷰 봤어야 했는데.. 내 잘못이죠 뭐.. 참치김치덮밥 주문했는데 소금을 쏟아부었는지 엄청 짜고.. 밥을 쥐똥만큼 얹어주셔서 밥한공기 추가해서 남겼네요. 처음부터 적당하게 주셨으면 음식낭비할일 없잖아요. 그리고 매장은 왜 이렇게 더러움.. 계속 똥파리 날리고.. 주문하고나서 아차싶더군요. 여기가 뭐 빈티지샵이야 음식점이야; 맛도 없고 불친절하고 위생더럽고 최악
2,24068775,3,딱히 맛있진 않은듯
3,24068775,1,떡볶이 치즈돈까스 김밥을 친구랑 둘이서 나눠먹었는데 후에 속이 너무 쓰렸어요 떡볶이에 고춧가루를 많이 넣으셨나요...
4,24068775,1,말이 필요없는 그맛
5,24068775,1, 
0,1228930783,3, 
1,1228930783,1, 
2,1228930783,1,여자사장님 혼자 먹으러온 손님이랑 쌍욕박으면서 싸우던데 옆에서 밥먹고있는데 얼마나 눈치보리던지요 혼자온 손님한테 혼자와서 김밥한줄시키고 반찬은 왜 쳐먹냐고 그러시던데 정말 그런 마인드로 장사하지맙시다 ㅋㅋ 아 그리고 김밥 퀄리티 개 창렬이에요 ㅠㅠ 장국이랑 물도 돈받습니다 완전 비추에요
3,1228930783,1,김밥포장하는데 30분 실화냐...맛은 뭐냐... 절대 비추입니다.
4,1228930783,2, 
5,1228930783,2, 
0,26821820,5, 
1,26821820,1,최악 바쁘지도 않은 상황에 주문을 넣었는데 버거가 다 분리되서 포장지는 소스로 범벅되 소스 새어나오고 빵만 따로 분리되면서 내용물이 그대로 그냥 떨어짐 돈만 버림
2,26821820,1, 
3,26821820,3,정없게 (정색하면서) 리필 안해줌..
4,26821820,5, 
5,26821820,5, 
6,26821820,1, 
7,26821820,2, 
8,26821820,5, 
9,26821820,5,보기드물어진 24시 맥도날드..
10,26821820,2, 
11,26821820,5,맥도날드에요
0,27233326,5,맛있어요
1,27233326,1,빵고르기전에 위에있는쟁반말고 밑에있는쟁반을 꺼내려하니까 둘다 똑같은거라고 큰소리로 고함치네. 쟁반좀 골랏다고 손님한테 짜증투로 소리지르던x때매 재수없어서 그뒤로 안간다.
2,27233326,5,정말  너무너무  맛있는
3,27233326,1,빵은 괜찮은데 직원분 때문에 가고싶지 않습니다.
0,937965304,5,"음료, 케잌 다 맛있어요b"
0,116240601,1, 
1,116240601,1, 
2,116240601,1,별1개도 아까움 선물용에 탄 게 2알이나 들어있음. 전체적으로 탄 향. 심지어 호두가 아예 안 씹히는 것도 있음. 최악. 일요일 오후 아줌마직원 겁나 불친절. 주차등록도 귀찮아서 안해 줌
0,17688035,5, 
1,17688035,4, 
2,17688035,2, 
0,22575297,4, 
1,22575297,3,그냥 그럼
2,22575297,1,주말 여자들 직원교육좀…손님이 있어도 지들끼리 웃고 떠들고 불친절하고 맛도 없어요
3,22575297,5,"매장이 청결하고, 음료도 빨리 제조해주셔서 좋았음"
4,22575297,1,펄 재활용하는게 분명함. 너무 딱딱하고 다 굳어서 쪼그라들어있음… 환불받고싶을정도로 최악
5,22575297,1, 
6,22575297,3,주문이 워낙 많고 직원분들이 자주 바뀌어서 음료 나오는게 느린 편입니다. 시간을 아주 넉넉히 잡고 기다리는 집입니다.
0,374346098,2, 
0,14513963,1, 
1,14513963,4,좋아요
2,14513963,1,또띠아  파는곳 절대가지마십셔 개노맛
0,1924771438,5,맛잇음 가성비 조음
1,1924771438,2, 
2,1924771438,2,와우 저렇게 별로라니...?ㅠㅠ
3,1924771438,4,"다른댓글 음식 맛없다 많네? 주방이 바뀐건가? 음식 좋았음. 꽃게 스파게티, 김치볶음밥?(정확한 이름은 까먹음) 예상외로 괜찮았음. 거의 막탐에 가서 손님은 없었는데 할로윈때 가면 분위긴좋을듯, 다른댓글처럼 매장냄새는 없었음, 이쪽거리가 다그렇듯 주차가 어려움 바로앞 공용주차장 작아서 주차어려움"
4,1924771438,3,맛은 있는데 매장에서 똥냄새남 또 가고싶은데 먹는내내 똥냄새 나서 가고싶지않음
5,1924771438,1,닭 잡내가 너무 심해서 닭다리스테이크 한 입 먹고 다 남겼네요... 말씀드렸더니 연육과정이 잘못된 것 같다고 다 폐기처분한다고 하시더니 돈은 제값 받으셨어요
6,1924771438,5, 
7,1924771438,2,"이색적인 분위기는 좋으나, 맛은 조금 실망스러웠습니다."
8,1924771438,1, 
9,1924771438,5,이색컨셉의 식당. 컨셉도 좋았지만 맛과 가격도 정말 좋았던 곳. 직원분들도 친절하게 응대해주셔서 좋았습니다. 다음에 또 방문하겠습니다!
10,1924771438,5,이색데이트하기 좋은 레스토랑이에요 !!
11,1924771438,5, 
12,1924771438,4, 
13,1924771438,5,친구 생일파티를 마녀주방에서 했어요. 할로윈느낌 가득 인테리어 색다른 체험 재미있었구요. 파스타들도 양도 넉넉하고 맛있었어요. 특히 미이라피자 JMT
14,1924771438,4, 
15,1924771438,1,"컨셉에 몰빵. 맛과 가성비는 절대 기대하면 안됨. 맛이 너무 없고, 가격대비 너무 배고프게 나오는 곳."
16,1924771438,5,"직원분들이 친절하고, 음식도 맛있고, 가성비까지 챙길수 있어서 매번 방문할때마다 기분좋게 방문하는것 같네요~"
17,1924771438,1,기대많이하고왔는데 평점과 달리 정말 별로인 맛과 서비스에 실망하고 갑니다 음식이전체적으로달고 소스들이맛이없어요 할로윈때가려는분들은 다시생각해보시길... 서울에도있는 체인인데 어케이러지..
18,1924771438,1, 
19,1924771438,5,할로윈 분위기 대박이에여 데이트장소로 굳!
20,1924771438,5,"여기 넘넘 좋아용!!!! 직원분들도 너무 이쁘고 착하시구 피자 다시 뎁혀달라고해서 귀찮으셨을텐데 너무 친절하셔서 감동받았어용,, 음식두 너무 맛있구 마녀주방 너무 이뻐용!!!"
21,1924771438,5,가격도 저렴하고 맛도 좋고 아이랑 같이갔는데 악가 신기해하면서 좋아했어요
22,1924771438,5,여기 존맛이여요 서비스도 굳 ㅠㅠ 직원분들 친절쓰 ! 꼭 네이버로 미리예약하고 가셔요 ! 제가 갈땐 이벤트했었음 !!
23,1924771438,5,저렴한 가격에 보는 재미까지 더해 너무 맛있게 잘 먹었습니다 사장님 직원분들 넘나 친절해요
24,1924771438,5, 
25,1924771438,2,제 입맛에는 간이 너무 짰어요 ㅠ
26,1924771438,5,풍기파스타 강추요 정말 맛있어요! 컨셉이 특이해서 재밌어요!
27,1924771438,5,직원분들 너무 친절하고 독특한 컨셉도 좋고 음식도 가성비 좋네요! 추천해요
28,1924771438,5,직원분 진짜친절해요!!사람엄청많고 가성비짱이에요
29,1924771438,5, 
30,1924771438,5,분위기도 넘 좋고 피자가 패스츄리 도우라 그런지 정말 맛있어요~~~!! 다음엔 31일날 방문할래요~~
31,1924771438,5, 
32,1924771438,5,분위기도 좋고 음식도 맛있어요! 다들 여기 칵테일 드셔보세요 최고ㅠㅠ
33,1924771438,5,분위기도 좋고 직원분들 진짜 친절하고 맛도 좋음
34,1924771438,5, 
35,1924771438,5, 
36,1924771438,5,가격도 착하고 맛도 맛있어요! 담에 또올게욤
37,1924771438,5,추천해요! 가성비 최고!
38,1924771438,5,분위기에비해 착한가격이 좋았어요
39,1924771438,5,이색데이트 강추요
40,1924771438,5,신메뉴도 너무 맛있었고 무엇보다 직원분들이 정말 친절하셨어요~ 기분 좋은 저녁식사했습니다^^
41,1924771438,5,진짜 직원들도 너무 친절하고 매장도 깔끔하고 음식도 너무너무 맛있었어요!!
42,1924771438,5,만족했어요
0,19636380,5,야우리 번화가에 있고 체인이지만 맛있어요!ㅎㅎ 예전부터 자주 갔었는데 최근에는 뼈를 좀 덜 발라주셔서 늘 두번 손이 가는점이 아쉬워요~ 직원분도 친절하셨고 주먹밥도 맛있어요!!
1,19636380,1,더러워 가지마 설거지 안하는듯.
2,19636380,1, 
3,19636380,4,맛나용
4,19636380,5, 
0,487634458,5, 
1,487634458,5, 
2,487634458,5, 
3,487634458,5,맛있어요 천안에서 규카츠하는곳 찾아서 좋네요
4,487634458,1,고기 양도 적고 항정살 덮밥인지 샐러드 덮밥인지 헷갈릴 정도입니다 정말 너무하네요 맛도 좋진 않아요 덮밥 중에 최악이었습니다 다신 안 갈듯하네요
5,487634458,5, 
6,487634458,5,규카츠 때문에 갔는데 스테키동에 감동 받아서 나왔습니다...
7,487634458,4,규카츠 데이트용으로 좋아요
8,487634458,5,맛있었어요...규카츠 맛이 인상적이였어요...
9,487634458,4, 
10,487634458,2,맛있는건 높은 점수를 주지만 메뉴가 다 떨어졌으면 적어놓든가 해주세요.주문할거 다 정해놓고 '이 메뉴 안 돼요^^' 라는 말 들으면 되게 허무해요.
11,487634458,5,가격도 너무 부담스럽지는 않고 규카츠 맛있어요 ㅠㅠㅠ
0,1373534521,5,맛있어요 ㅠㅠ 일주일에 한번은 생각나는 맛!
1,1373534521,2, 
2,1373534521,5,저는 입문은 다른곳에서 했지만 여기만한 마라는 먹어본 적이 없네요. 약간 중국 본토에서 먹어본 맛이랄까...(중국 한번 가봄. 근데 그때 마라탕 안먹음) 추천합니다.
3,1373534521,5,여기서 입문했다가 다른 마라탕집 가서 먹어봤는데 여기가 진짜 맛있는 곳이었네요. 진챠 여기가 면류 불지 않고 딱 식감 좋게 조리도 잘해주시고 마라 특유의 얼얼~한 맛도 좋아요!!!!
4,1373534521,2,마라탕이 너무 늦게 나오는데 꿔바로우는 훨씬 늦게 나옵니다. 40분 넘게 걸리네요~ 마라탕은 땅콩 맛 좋아하는 분들이 좋아할 것 같네요 와하하~
0,932756446,2,급할 때 사기 좋아요 가격 15000원으로 저렴해요!! 요즘 맛있는 도시락 케이크집 너무 많고 ..여긴 저렴하니 맛은 기대 안 하는 게 좋어요 ㅎㅎㅎㅎㅎㅎ재방문의사는 없어요 ㅠ 흑
1,932756446,5,영롱
0,12664836,1, 
1,12664836,1,주인이 달라졌는지... 최악입니다. 옆 테이블도 다 남기고.. 사장님은 잔반 보면 사태의 심각성을 모르시나.. 추억은 추억일뿐..
2,12664836,1,맵기만 하고 맛없음 엄청 매움
3,12664836,5,존맛 ㅠ 양도 많고 간도 짜지 않고 딱 좋아요
0,26343626,1,나사 라온 리조또 먹고 돈은 돈대로 낸곳
1,26343626,1, 
2,26343626,2,(사진19년 기준) 19년때 맛도 좋고 내부 분위기 좋고 서비스도 괜찮았는데 최근에 친구가 갔다왔을때 서비스 별로고 음식에서 머리카락이 나왔다네요;;
3,26343626,1, 
4,26343626,5,very nice and delicious
5,26343626,1,문신 직원들 불친절합니다
0,1368263555,2,특별한것 없이.. 약간.. 자취방에서 만들 수 있을것같은...
1,1368263555,2, 
2,1368263555,5,맛있네요 ㄹㅇ
3,1368263555,5,불규동 JMT
4,1368263555,2,음..별로예요..
5,1368263555,1, 
6,1368263555,3, 
7,1368263555,1, 
8,1368263555,2, 
0,1544141038,5,고기 초벌해서 나오니 냄새걱정없이 구운고기 바로 먹을수있어 좋아요. 고기 양많고 반찬도 하나하나 다 맛있구요. 아직 소문안나서 손님 많이 없던데 얼른 가보세요. 후회 안하실 겁니다!!
1,1544141038,5,소주잔 잘쓰겠습니다. 고기 잘먹었어요
0,66325229,1,1점도 아까움 일하고싶은 마음이 안보임 일도 대충하고 때려치고싶은 사람처럼 행동함 쓰레기통엔 초파리 날아다님 심각할 정도로 지저분함 가루 녹여주는것도 아님 그냥 덩어리로 줌
1,66325229,1, 
2,66325229,1, 
3,66325229,1,"끔찍한 서비스, 40분 동안 한 잔 했어요."
4,66325229,1,오늘 오후에 갔는데 초코 스무디를 시켰고 좀 마시고 나니 얼음 덩어리들이..... 무슨 저렇게나 많고 큰것들은 왜 갈려있지를 않았으며 너무 짜증나네요 3800원을 내가 얼음 덩어리를 마실려고 그 돈을 낸것도 아니고 다시는 안가요 직원분도 완전 불친절하고 그리고 주방좀 깨끗하게 사용하세요 다 보여줄거면 좀 치우고 장사해야 할 것 아님니까 진짜 개별로
5,66325229,1,1점도 아까움 ㅋㅋ 취미로 장사하시는듯
6,66325229,1,사장님이 너무 ㅈ 같아요
7,66325229,1,장사를 하고싶은 건지 안하고 싶은건지 건물내부 너무더러움.. 진짜 청소좀 하지..
8,66325229,2,"딸기인데 매실이 들어갔나봐요? 나쁘지 않지만 펄이 너무너무 아쉬웠습니다 돈내고 추가한 펄인데 이번엔 조금 실망스럽네요,,"
9,66325229,1,The owner told me to leave within an hour if I want to sit down. He didn't walk up to the Korean customers and say the same thing..I wonder why. I asked him why I had to leave and he just waved his hand dismissively and walked away. Hmm. Decide for yourself if this is the type of place you want to visit based on this. I'd rather put my money in the dustbin than give it to this rude old owner again.
10,66325229,2,매장전체에 곰팡이냄새가 나는 거 같아용ㅎㅎ
11,66325229,1,여기 사장 진짜 직업정신이 매우 떨어짐. 음료 대충 만들어 놓고 항의하니까 미안하다 사과 던져주고 끝? 이딴 곳에서 음료 마실 바에 안 사먹지. 생각 없이 장사하는 것 같아서 가고 싶은 마음도 싹 사라짐.
12,66325229,1, 
0,1058126663,2,в Пёнтеке лучше. советую там
1,1058126663,1, 
2,1058126663,1, 
3,1058126663,5, 
4,1058126663,5,제가 상상했던 딱 그맛이에요.!.! 배고플 때 먹어서 그런지 전 맛있었어요. 가성비 나쁘지 않아여
5,1058126663,2, 
6,1058126663,1,왕돈까스를 닭으로 만든것 같아요 떡볶이 비추..딱딱하고 뷔페떡볶이 정도ㅠㅠ
0,677674988,5, 
1,677674988,5, 
2,677674988,4,깔끔하고 구워줘서 좋아요. 살짝 가격대가 있는편
3,677674988,5,고기는 여기만한데 없습니다. 너무 맛있어요. 직접 고기 구워주시고 친절합니다. 명이나물에 싸 먹으면 최고
0,27492635,5, 
1,27492635,4,치즈까스 정말 맛있는데 플레이팅이 너무 없어보이는 게 아쉽습니다....치즈가 흘러나오니 금새 굳기 시작해서 더 아쉬워요 치즈까스 자체 맛이랑 소스와의 궁합은 정말 맛있습니다 눕히지 않고 메뉴사진처럼 세워서 내주는 게 좋지 않을까요 그리고 미니우동 매콤해서 맛있습니다
2,27492635,5,소바를 싫어하던 내가 좋아하게 만들어준 사장님가게 지금도 먹고있는데 메뉴 다 먹었지만 맛있습니다. 아쉬운 점은 명란파스타가 조금 아쉬웠어요 짜기도 했구요! 이 점만 제외하고는 다른 부분은 다 맛있어요 ㅎㅎ 친절하시고 천안에서 떠나지 않는 한 항상 갈거에요 건강하세요
3,27492635,1,"스테이크, 메뉴판이랑 다르고 사이드도 다릅니다. 썰어먹는게 아니고 썰어져서 나옵니다. 가격대에 비해 양도 많지 않고 맛도 그닥이네요... 옆 가게 11000원대 스테이크가 더 나은듯"
4,27492635,5, 
5,27492635,3,평범
6,27492635,4, 
7,27492635,5,맛있고 친절해요 부채살스테이크덮밥 짱
0,22854660,2,언제 리뷰창 막혀도 이상하지 않은 곳
1,22854660,1,멜론 씨나오는 설빙은 처음이긴하네요 ㅎㅎ
2,22854660,1,뭐 이딴데가 다 있지?
3,22854660,1,양이 엄청 적네요 물가가 비싸져서 그렇게 됐을까요 ㅠㅠ 그릇 자체가 작아진듯 ㅠ 이 지점은 처음이고 다른 지점은 올 여름에 갔었는데 이것보다 확실히 양이 많았던 거 같은뎅 ㅠ
4,22854660,1, 
5,22854660,4, 
6,22854660,5,맛있어..빨리 나옴
7,22854660,1,설빙이 여기만 있어서 감
8,22854660,2,2층은 청소를 안하는지 테이블이 너무 더러움…
9,22854660,1, 
10,22854660,1,연유에 물을 탔는지 다른지점에 비에 설빙양도 엄청 적어요
11,22854660,3, 
12,22854660,5, 
13,22854660,1, 
14,22854660,1,주변에 설빙이 없어서 어쩔 수 없이 감
15,22854660,1,인절미빙수 좋아하는 사람인데 잘안나가는지 인절미떡도 오래된것처럼 누렇고..가루고 부드럽지않고 뭉글뭉글하네용
0,151863778,4, 
1,151863778,3,Coffee + Canelé + Financier
2,151863778,3,카페 내부에 앉아서 마시긴 불편할 수 있을 것 같아요 사람이 많은것도 있지만 내부공간이 소리가 울려서 더 소음 있게 느껴지는 것 같네요. 음료도 맛은 있습니다~~
3,151863778,5,"솔티캬라멜 최고..,"
4,151863778,4,커피랑 디저트 다 맛있었음 근데 사람이 너무 많아서 대화하기 불편함 테이블간 거리가 너무 가깝기도함
5,151863778,5, 
6,151863778,5, 
7,151863778,5,진짜 .... 휘낭시에 존맛 시그니처 아몬드 숏라떼였나 그것도 맛있어여.... ㅠㅠㅜㅜㅜㅠ 굿굿
8,151863778,5,커피 디저트 다 맛있어요!! 커피 종류가 많아 다 맛보고싶네요^^
9,151863778,4,휘낭시에 맛있음 커피도 아몬드 라떼 추천 근데 사람 넘 많음
10,151863778,3,기대가 너무 커서 실망도 좀 했어영ㅋㅋㅋ까눌레도 휘낭시에도 분명 맛있지만 꼭 여기여야하는 이유는 찾지 못했다능. 간판도 음료도 디저트 이름도 영어로 써놨는데 그나마 아크릴판에 물백묵으로 써놔 잘 안보임.
11,151863778,2,오 마이갓  그라인더 팬 필터좀 교체해서 쓰세요;;;;  몇년은 묵은 먼지가 그대로 보이네오
12,151863778,5, 
13,151863778,5,친절하고 너무 맛있었어요
14,151863778,4,처음 먹어봤을땐 기절초풍할정도로 맛있음 단 사람 너무많음
15,151863778,4,매장에선 안 먹고 포장해 와 먹었는데 시간 지났음에도 부드럽고 맛있었어요!! 매장 분위기가 좋아서 다음에는 매장에서 먹으러 가야겠어요!!
16,151863778,3,맛은 있는데 카페내 음악 소리가 너무 커서 30분이상은 무리...
17,151863778,4,빵은 맛있는데 의자가 불편해서 엉덩이 아프고 바닐라라떼는 그냥그래용
18,151863778,4,까눌레 초코휘낭시에 최고
19,151863778,5,까눌레 최고
20,151863778,4,분위기 좋아ㅏ요
21,151863778,5,커피도 맛있고 휘낭시에 까눌레가 진짜 존맛탱 좀만 늦으면 다팔림 솔티캬라멜휘낭시에 추천합니다ㅏ
22,151863778,3,맛있는데..직원분들 아무도 마스크를 안쓰시네요ㅠ
23,151863778,5,친절했다
24,151863778,3,커피는 맛있는데 자리가 너무너무 불편해요 테이블도 좁아요...
25,151863778,5,디저트도 같이 하는 곳은 사실 대부분 두 가지가 모두 맛있기 쉽지 않은데 커피랑 구움과자 둘 다 맛있고 서비스도 좋아요 :)
26,151863778,2, 
27,151863778,5, 
0,1863675477,5, 
1,1863675477,3,가성비 치킨집
0,959542756,2,맛은 쪼금 별로였는데 인테리어 좋아요 꼭 안에 들어가보시기
1,959542756,4,실내 쾌적 x 직원 친절
2,959542756,4, 
0,17548478,1, 
1,17548478,1,아 진짜 진심담아말합니다 여기 먹을만한거 1도없음 진짜1점도 주기아까운데 그 이하가없네 탕수육 소스는 꿀로 덮어버리고 그걸 그냥주면 몰라도 부어버리니까 맛도없고 짬뽕은 그냥 조미료만 때려넣고 해산물 하나도 안익고 그냥줌 짜장면마저 불어탱탱함 제발 제가 간절히 바랍니다 오지마세요
2,17548478,1,맛 변했어여.. 올해 초에 갔을 때 탕수육도 바삭하고 짬뽕 국물도 따뜻했는데 지난 주 토요일 날 방문 했을 때는 국물도 미지근하고 탕수육도 바삭거리지도 않아요.
3,17548478,1,맛 없음  끝
4,17548478,5, 
5,17548478,3, 
6,17548478,4, 
7,17548478,5,맛있게 잘 먹었습니다.
8,17548478,5,맛있어요
9,17548478,2, 
0,13124241,5, 
0,790873848,2,마스크 왜안쓰시눈지....
1,790873848,5,분위기 너무 좋고 안주도 괜찮아요
2,790873848,5,소주가 술술 들어가는 안주에요 너므 맛있어용
3,790873848,5,안주가 너무 맛있어용
4,790873848,1, 
0,555358308,1,주문하고 나서 한참 후 주문이 누락된 사실을 알았습니다. 사과도 없이 금방 다시 해준다고 하더니 너무 오래 걸리길래 환불했습니다.
1,555358308,4,매화 케이크는 그냥 생크림 케이크에 잼 들어간 맛?인데 괜찮았어요 근데 좌석이 너무 불편 ㅠㅠ
0,1352285639,4,육회랑 연어 모두 맛있었고 든든히 먹은것 같아서 좋았어요 ㅎㅎ 사장님도 친절하셔서 좋았습니다!
1,1352285639,1, 
2,1352285639,2, 
3,1352285639,1, 
4,1352285639,1, 
5,1352285639,1,셋이 갔는데 한 친구는 연어를 아예 못먹어서 같은 가격대 단품메뉴시키려했더니 그럴거면 테이블 따로 앉아라 안된다해서 셋시키고 한명은 전만 먹었네요; 양파는 작은 접시에 하나 달랑주고 두번째 리필부터 추가금액내라는데 말이 되나 싶네요;; 양파를 사람수대로 줘야되는거아닐까요 그럴거면;
6,1352285639,5,"서울사람인데, 지금까지 그냥뷔페포함해서 육회 연어무한리필인곳많이다녀봤는데 질이 여기가제일나았다. 아직 이만한곳은못찾음. 또가고싶다."
0,78530536,5,구웃
1,78530536,4, 
2,78530536,5,삼겹스테이크 키조개관자리조또 먹었는데 존맛탱 분위기도 좋다 다른 사람들 불친절이라고 하는데 불친절한건 못느꼈다 그렇다고 엄청 친절하다고 느끼지도 않았지만 그냥 보통 데이트코스로 좋네요
3,78530536,1,절대 오지마세요! 불친절하고 서비스 나쁘다! 3/10점. 생일인데 작은 케이크를 가져왔는데 그들이 “실내에서 외부음식을 금지”라고 계속 하다가 결국 기분이 안 좋아해서 더 앉아 있는지 싫어했다.
4,78530536,1,불친절 끝판왕
5,78530536,4,분위기 좋고 친절하세요! 근데 약간 아쉬웠던 부분은 부채살 스테이크가 바싹 잊힌 것도 아닌데 좀 질겼어요. 리조뜨는 맛있었는데 조금 간이 약했어요. 석류에이드 맛있었어요~!
6,78530536,5,저는 5월2일에 방문했지만 리뷰 지금 올려봅니다. 남자친구랑 100일 기념으로 갔던곳인데 정말 맛있고 양도 많아 남친한테 넘겼습니다^^스테이크가 굉장히 부드럽고 맛있어서 엄청 행복한 기억이 남았네요ㅎㅎ직원들도 다 너무 친절하시고 들어올때 다 같이 큰 목소리로 인사하시는게 처음에 당황스러웠지만 열정이 느껴져 기분 좋았던 방문이였습니다ㅎ
7,78530536,4,무난
8,78530536,5, 
9,78530536,4, 
10,78530536,5, 
11,78530536,5,데이트 코스로 굿 꼭 스테이크 먹어야함
12,78530536,3,평범함.. 소부챗살스테이크 추천.
13,78530536,5, 
14,78530536,5, 
15,78530536,1,먹고나서 이틀동안 배앓이로 고생함
16,78530536,5, 
17,78530536,1,물에 넣은 민트?같은게 물뿌리 내렸을 정도면 얼마나 오래된건가요ㅎㅎ
18,78530536,5, 
19,78530536,4,좋은거 같아요ㅎㅎ
20,78530536,1, 
21,78530536,3, 
22,78530536,5, 
23,78530536,3,괜찮았어요
0,1920873571,5, 
1,1920873571,5,잼씀 천안 퀄리티 제일임
2,1920873571,1,진짜 사장때문에 다신 안감ㅋㅋㅋ 예약 꽉차서 다음에 다시오겠다는 사람 붙잡고 마스크도 안쓰고 30분동안 호객행위하길래 한대 때리고 싶었네 심지어 해보니까 문제도 별로고 재미도 없고 ㅋㅋㅋㅋ 데이트 조질뻔 옆에 셜록홈즈? 거기가세요 진짜
3,1920873571,5,너무 재밌다 진짜... 또 못 한다는게 아쉽다ㅠㅠㅠ
4,1920873571,2,방탈출은 재밌었음 근데 어느후기나 직원분들 엄청 재밌고 친절하다그러는데 전혀..ㅎ 같이 간 친구들도 껄렁거리고 기분나빴다고 생각할정도로 별루였음
5,1920873571,5, 
6,1920873571,5,가게가 넓어서 방탈출의 컨텐츠가 다양합니다. 어거지로 때려맞추는 문제 없고 직원분들 친절합니다. 방탈출 좋아하시면 꼭 가보세요! 강추
0,27583768,3,90퍼가 좌물쇠장치라 아쉬웠습니다.
0,323796992,2,닭 상태가 별로였어요
1,323796992,5, 
2,323796992,2,알바 불친절
3,323796992,4,양이 좀 적은거 같은데 맛있음
4,323796992,5, 
0,2137327447,3,2층 window 와이파이 빨리 고쳐주세요... 웬일로 창보다 안쪽에 사람이 더 많다 싶었는데 와이파이 때문이었음ㅠㅠ
1,2137327447,5,ㄱㅊ음 3층까지잇고 넓음
2,2137327447,5,여기 사장님은 사회복지사임에 틀림없다
3,2137327447,5, 
0,19978051,5,어제 여자친구가 먹고서는 진짜진짜 맛있다고를 오늘 오후까지 한다. 전에는 별로였는대 확실히 뭐가 좋은 방향으로 바뀐듯
1,19978051,5,좋지않은 리뷰만 있길래 걱정했는데 밑에 리뷰처럼 사장님이 바꼈나봐요. 맛과 양 모두 괜찮았어요~
2,19978051,5, 
3,19978051,1, 
4,19978051,1,한입먹고 나왔음 진짜 면 누가봐도 오래된 면이라 다 불고 면비린내 미쳤음 14000원 버리고 나왔음 친절하지도 않고 한대 칠 것 같은 기세로 말함
5,19978051,1,"1분만에 나와서 어? 했는데 면은 비리고, 고기도 무슨 .. 곱빼기 주문하고 반 먹고 나왔습니다. 이런 댓글 처음 남기는데 이 글 보신다면 음식 좀 성의 있게 하세요 사장님"
6,19978051,5, 
7,19978051,3, 
8,19978051,1, 
0,1846381847,1,"카페 전반적인 분위기가 죄다 공부하는 분위기이길래 조용한 장소가 필요할 때 종종 오려했는데, 아줌마 사장 태도가 몹시 불쾌해서 다신 안올듯.   다른 후기보니까 나만 겪은게 아니네. 회전율 운운하면서 예의없음. 담배냄새도 심함."
1,1846381847,2,내부 10/10이지만 공부하는 분위기일때도있고 엄청 시끄러울때도있어서 딱히 다시 오고싶진않아요. 음료는 그냥 평타
2,1846381847,1,알바생 다시뽑으셔야할듯...
3,1846381847,5, 
4,1846381847,4,무난
5,1846381847,1,냄새나요.
6,1846381847,3, 
7,1846381847,5,보드게임만 아니라 놀거리가 많아요
8,1846381847,5, 
0,1538213217,2,에그타르트 맛있긴 한데 다른 맛있는 곳도 많아서 ㅠㅠ 아쉬워요 가격은 만족 1500원에 먹을 수 있어요
1,1538213217,1, 
2,1538213217,2,레터링이랑 크림이 밀려있고... 케잌이 사진이랑 너무 다르게 별로 안예뻤어요ㅜ
3,1538213217,5,여기 에그타르트 존맛탱이여유
4,1538213217,5,에그타르트 진짜 너무맛있어요 ㅜㅜㅜㅜ
5,1538213217,1,케이크 진열해둔 거 바로 꺼내주는 것 같은데 날파리 죽어있음...레터링도 너무 못하고 이걸 돈주고 팔다니
0,1656597352,1, 
0,49858990,5, 
0,1872400527,5, 
1,1872400527,5, 
2,1872400527,1,사장님이 좀...
3,1872400527,4, 
0,12354364,4, 
0,10396074,1,불친절 갑
1,10396074,1,예전도 그렇고 오늘도 그렇고 직원분 정말 한싸가지 하시네용 ^^
2,10396074,5,소박하지만 실용성있는 구조. 생일용구매
3,10396074,1,! 23시까지 영업한다고 하네요. 그러나 이것은 거짓말입니다. 22.00에 판매자가 상품 판매를 거부했습니다 !!!
4,10396074,1, 
5,10396074,1, 
6,10396074,1, 
7,10396074,5, 
8,10396074,1,마감적혀있는 시간보다 더 빨리 마감.. 문 잠구고 정리...ㅜㅜ 오늘따라 먹고싶어서 왔는데 아쉬워요 신부점은 안오겠다..
9,10396074,1, 
10,10396074,1,불친절해서 다시는 안갑니다.
0,12539064,2,사장님이 불친절하고 메뉴는 먹을만해요
1,12539064,1, 
2,12539064,2,순두부 뒤지게 짜서 먹다가 혀 오그라들수 있음
3,12539064,2, 
4,12539064,3, 
5,12539064,1, 
6,12539064,1,너무 불친절함.
7,12539064,5,밑반찬부터 감동
8,12539064,1, 
9,12539064,1,평소에 남자친구랑 올땐 잘 먹었었는데 혼자 가니까 메뉴판도 안주시고 테이블에 종이도 안깔아주셔서 저기요 하고 부르니까 혼자오셨어요? 일행분 더 없으세요? 이러고 거의 뭐 메뉴판 던지듯이 주시더라고요 표정도 엄청안좋으시고. 도저히 먹을 기분이 안나서 나가려고하니까 그냥 나가시게요? 하시던데 그런식으로 응대하시면 저 말고도 그냥 나가시는 손님 많이 생길거같네요 제가 자리 꽉찼는데 혼자앉은것도 아니고 빈자리 꽤 있었는데 그렇게까지 기분나쁜티를 내셔야했는지 모르겠네요
10,12539064,4, 
11,12539064,1, 
0,23106821,3, 
1,23106821,4, 
2,23106821,5,항상 친절하고 끊을수 없는 중독성이 있습니다 사장님 배달은 안되나요? ㅋ
3,23106821,1,맛 없어요;; 그리고 뜨거운 떡볶이 담는데 그릇에 비닐은 왜 씌워서 주시는지.. 환경오염에 환경호르몬 ㅠ
4,23106821,2,후추맛떢볶이..
5,23106821,2,떡볶이가 좀 불었어요 전체적으로 아쉽네요
6,23106821,2,손님을 불편하게 만드는 사장의 태도 떡볶이 양도 그닥. 굳이 여기서 떡볶이를?
7,23106821,4,마늘떡볶이 맛집입니다. 양도 많은편이에요.
8,23106821,3, 
9,23106821,5,괜찮음
10,23106821,5,인생 마늘떡볶이! 정말정말 맛있어요!
0,26841336,5, 
1,26841336,5,조아요!타르트도 맛있구 케잌도 맛있구 음료도 맛있어요~!
2,26841336,5,여기 가보고 싶다 나중에 방문 하고 후기 수정해야지!
3,26841336,5,옥상이 있어서 경치보기 좋아요
0,764912227,5,근처에 살 때 진짜 많이 갔음 갈비도 맛있고 냉면도 맛있고 가격도 합리적이고..  다른 고깃집 다니다 보면 이 집이 그리움 ㅠ
1,764912227,5, 
2,764912227,4, 
3,764912227,5, 
0,662621739,5, 
1,662621739,5, 
0,209269966,1, 
1,209269966,1, 
2,209269966,4, 
3,209269966,5, 
4,209269966,5,굉장히 만족스런 곳이었어요. 사이드로 나오는 김자도 예술! 다음에는 다른 세트 메뉴도 먹어보고 싶어요~
0,18314326,1,고기 맛도 그럭저럭 환경부담금 지들이 계산 안 해놓고 뒤늦게 쫓아와서 반말로 돈 내~ 이러고 있는 가게 다신 안감
1,18314326,5, 
2,18314326,5, 
0,24352395,2,주문즉시 바로 요리해서 나온다고 하는데 너무 식어있고 면은 뭉쳐있고... 주방 직원들은 노마스크로 활보하고 다니고 손님이 들어오면 들어온 지도 모르는데.. 왜 우수가맹인지 모르겠어요. ㅜ
1,24352395,1,포장 받아가는 그 몇분 만에 기분 상하기 쉽지 않은데.. 안경쓴 직원분 엄청 말투가 불친절해요
2,24352395,5, 
3,24352395,1,진짜맛없음 면 다 불어서 한 뭉텅이됨
4,24352395,5, 
5,24352395,1, 
0,1399598377,1, 
1,1399598377,5,한적하고 맛있어서 좋아요.
2,1399598377,5, 
0,9850565,1, 
1,9850565,5, 
2,9850565,5, 
3,9850565,5,정말 애정하는 카페입니다. 최고최고
4,9850565,5,나만알고싶은 카페였는뎅... 사장님 돈버셔야되니깐 리뷰쓸게요 커피맛집이구 분위기도 짱이에요 남자친구생기면 꼭 같이올거에요
0,2137506102,1, 
0,1248303980,5, 
1,1248303980,5, 
2,1248303980,5,제가 먹어본 로투스 와플 중에 젤 .. 진짜 제일 맛있었어요 ...... 아니 진짜 대존맛 바삭하고 크림도 느끼하지 않고 약간 탄탄한크림 ?? 느낌에 .. 와플 잘 안먹는데도 냠냠 맛있게 먹었습니다 .. 그리고 전체적인 인테리어도 예쁘고 화장실까지 깔끔해요 !!!!!!! 왕추천합니다 (검색하다가 이름 보고 끌려서 왔는데 대만족하고 갑니당)
3,1248303980,5, 
0,1059249063,5,"치킨 육즙이 느껴지는 정통 치킨, 피자 치즈가 듬뿍들어간 짭짤한 아메리칸 스타일 굿입니다"
0,635312197,5, 
1,635312197,5, 
2,635312197,5,다 존마탱입미다 ㅠㅠ
3,635312197,5, 
4,635312197,5, 
5,635312197,1,한 테이블만 손님이 있는 상태에서 파스타 2개 돈까스 1개. 총 3가지 음식을 주문 함. 20분이 지났으나 음식이 안나옴. 느림 미학인가?
0,1189122007,1, 
0,1330874488,5, 
1,1330874488,5,맛이 훌륭하다 손님응대를 잘해줌
2,1330874488,1, 
3,1330874488,5,꼬치 너무 맛있고 분위기 좋고 최고에요ㅠㅠ! 술 종류도 많아서 갈 때마다 다양한 술도 마실 수 있을 것 같아요:) 다음에 또 가야징
0,1033414521,2, 
1,1033414521,4, 
2,1033414521,3, 
3,1033414521,4,메뉴 셋다 너무 맛있었음!!!!
4,1033414521,5,맛있어요!
5,1033414521,5, 
6,1033414521,5, 
7,1033414521,5, 
8,1033414521,5,맛있는 파스타맛! 전체적으로 간이 센 편 입니당
9,1033414521,5, 
10,1033414521,2,별로였어요.. 맛이 그닥
11,1033414521,5,맛집 땅땅
12,1033414521,5,완전 맛있어요 진짜 여기 파스타는 대박이에욥
13,1033414521,5,리조또 짱
14,1033414521,5,남자 4명이 가서 먹었는디 다음에는 여친이랑 둘이 갈 수 있길...
15,1033414521,4,파스타 정말 맛있게 먹고 았네용! 새우 특히 맛있었어요!
16,1033414521,4,엥간 맛있움
17,1033414521,5,인스타 사진용인 줄 알았는데 맛있다 젠장
18,1033414521,4,대체적으로 음식들이 간간한 편 간이 센 걸 좋아하는 저로서는 괜찮아요.
19,1033414521,5,"터미널에서 파스타 먹을려면 무조건 여기,,"
20,1033414521,1,10분 전 전화로 3시전까지 예약 받는다 하고서는 가니까 재료소진으로 안한다고 ㅋㅋㅋㅋㅋㅋㅋ
21,1033414521,4, 
22,1033414521,5,"직원분이 너무 친절해요. 바질크림리조또가 맛있었어요. 수제피클이 최고에요 >,<"
23,1033414521,5,마싰습니다.. 투움바가 좋아용
0,24962137,1, 
1,24962137,5,맛있네요
2,24962137,4, 
3,24962137,5,고기집중에 제일 많이먹은듯 맛있다하기입아파요^^^^^^
4,24962137,4,삼겹살 고추장삼겹살 파불고기 다 먹어봤어요 신부동에서 제일 좋아하는 고깃집 중 하나입니다 근데 사장님인지 직원분인지가 불친절해서 별 하나 깎았어요 양은 괜찮다고 생각합니당
5,24962137,2, 
6,24962137,5,가격도 싸고 양도 많고 맛도 좋음
7,24962137,1, 
8,24962137,1,6월11일 18시~19시 사이 이곳에 지인분과 저녁먹으러 갔는데 지인분이 주차할곳이 없어 입구앞에 주차를 하시고 들어가서 기다리는데 여사장인지 여종업원인지  싸가지없는 말투로 여기다 차대시면 안되니 차좀빼세요!! 창가쪽에 주차못하게 물건으로 막아놓고 차빼달라고 이러는데 어의 없음 지인분이랑 결국 말싸움 입구앞에서 한숨 푹푹 쉬어가며 손님앞에두고 내땅이라고 딴대가서 밥사먹으라고 이러면서 나가라고 째려봄 난 가만히 참고 있었는데 잠시후 남사장 등장 결국 또 지인분과 말싸움하면서 밖에나옴 나오는데 여사장인지 직원인지 들으라는식으러 야 이거 치워 이럼 2번 참았음 밖에나오니 남사장도 똑같이 딴가게 가라는 말 3번째 참았음 4번째 도돌이표 여직원과 똑같이 나오자 내가 뭐 바쁘고 그런건 알겠는데 말을 그런식으로 하면 어느 누가 좋게 좋은말 하냐고 이러니 그때서야 죄송하다고 함. 처음부터 여직원인지 여사장인지 좋은말투로 죄송한데 차좀 다른곳으로 주차해주시면 안될까요? 웃으면서 말해주었으면 좋았을텐데 웃는얼굴에 침못뱉는다고 좋게 좋게 얘기했으면 말싸움 나고 그럴일 없었을 텐데 장사를 그런식으로하면 되겠어요 안되겠어요? 손님이라고 갑질할생각도 없고 맛집이라고 지인분이 추천해서 기분좋게 밥먹으러 간건데 기분 잡치고 밥맛뚝떨어지게 해주셨네요. 지인분이랑 여직원인지 여사장인지 나이차이가 아버지뻘이고 딸뻘인데 말을 그렇게 해서 될까요 안될까요? 아직도 한숨쉬는 그 인상 정망 인상깊게 보았네요 장사 참 잘하시네요 그럼 수고 하세요 저는 다신 안갑니다. 신부동에서 30여년 살았고 그동안 이런식으로 손님한테 대하는가게 처음봄 대단하신분들이네요. 이런가게에는 십원도 아깝네요
9,24962137,5, 
0,21209993,5,쭉 천안에 있었줬음 하는 곳🫶
1,21209993,1, 
2,21209993,3, 
3,21209993,5, 
4,21209993,5, 
5,21209993,5, 
6,21209993,4,오래된 천안터줏가게?ㅋ좋아요~ 진짜 간단하게 잠깐 먹으려고 갔다가 5만원쓴거 뭐니.. 분위기 은근 바깥과 딴세상ㅋ
7,21209993,5,가게 분위기도 좋고 와인이 너무 맛있어요
8,21209993,5, 
9,21209993,4, 
0,1258324164,5,진짜 혼술러에게도 최고
1,1258324164,2, 
2,1258324164,4,사장님 친절하신데 국물맛은 약간 조미료맛? 후추?? 뭔가 맛이 좀 강함
3,1258324164,5, 
4,1258324164,5,너무 맛있어요~~~ 여기또 가고 싶어요.
5,1258324164,5, 
6,1258324164,5,진심 맛있어요! 1인 샤브인데 마주보고 먹을 수 잇어서 좋아요. 깔끔하고 신부동 놀러오면 꼭 가는곳입니당❤
0,1356935797,4, 
1,1356935797,5,분위기 좋고 맛있어요  직원분도 너무 친절해요 재방문 의사100
2,1356935797,5,분위기 넘 좋아영
0,696378249,3,낫벧~
0,20707422,5, 
0,14706413,1, 
1,14706413,5, 
0,1875753210,5, 
1,1875753210,5,완전 좋더라구요! 무료 커피도 있고 공간도 넓고 자리도 편하고 그리고 기온 너무너무 따뜻하지 않나요. 평소엔 스터디카페들은 사우나처럼 더워요... 써밋수터디카페엔 완벽하네요! 강추~^^
0,19292369,1,입벤하는 술집
1,19292369,5, 
2,19292369,5, 
3,19292369,5, 
0,175397870,5, 
1,175397870,3, 
0,767206834,5, 
1,767206834,2,카운터 알바 사담 너무 심해요
2,767206834,5,매장이 너무 넓고 좋아요
3,767206834,1,키오스크에선 천안사랑카드로 결제되는데 왜 현장결제 할 땐 천안사랑카드 결제 거부하시나요? 차이가 있나요? 점주님께서 이 글 보면 답장좀 부탁드려요.
4,767206834,3,매장이 넓고 커서 좋은데 알바님이 너무 시크하세요ㅠ
5,767206834,1, 
6,767206834,5, 
0,26532888,1,왜캐노맛임
1,26532888,2,카페 특유의 아늑한 느낌이 없어 '나갈가?' 하고 고민한 카페는 처음이다. 무엇이 문제인진 모르겠으나 나라면 한 블록 정도 주변인 ㅇㄷㅇ커피를 갈거 같다.
0,284243582,5,여긴 찌개랑 전이 쥬겨줌
1,284243582,5,왜 이제야 알았을까요… 너무 맛있어요!! 사장님도 너무 친절하세요!!!
2,284243582,5,가게 인테리어 좋음. 모둠전 맛있음. 특히 부추전. 계속 먹어도 안 질림. 배부른데 계속 먹었음. 사장님 친절하심.
0,315667266,5,츄릅
0,746425169,5, 
0,27363884,1,남자분이 화가 마이나있음
1,27363884,5, 
2,27363884,5,웨이팅이 길긴 하지만 인테리어가 깔끔하고 게임도 잘 관리돼있어요
3,27363884,1,서비스가 너무 별로...
0,27356092,5,소보로 맛있어요:)
1,27356092,1,남자직원분 흡연 후에 손 안 닦고 생산하시네요 고객응대도 불친절하고
2,27356092,5, 
3,27356092,5,호두과자랑 튀김 소보루 정말 맛있어요~~ 서비스도 많이 주시고 다음에 또 방문할게요^^
4,27356092,5,호두과자 너무 맛있어요! 직원분들도 친절하시고 다음에 또 방문할게요~:)
5,27356092,5,오랜만에 터미널 갈일있어 사먹었는데 역시나 맛있어요^^ 같이일하는 친구도 먹어보더니 맛있다고하네요~~ 사장님도 친절하시고 호두과자랑 소보루는 터미널점이 좋은것같아요^^~
6,27356092,1, 
7,27356092,1,너무 불친절하고 맛도 없어요 비추천합니다
8,27356092,1,천안역에 있던 팥앙금 생각하고 똑같은 옛날호두과자를 시켰는데 여기는 그냥 팥이내요. 다른 사람들은 맛있다 먹었는데 개인적으론 불만족 이었습니다.
0,1431792616,5,사장님 친절하시고 좋아요
1,1431792616,5,밑에 김하연님의 말과다르게 고기육질도 좋고 품질도 좋아서 맛있게먹었습니다 사장님도 친절해서 다시방문하고싶네요 ㅎㅎ
2,1431792616,5, 
3,1431792616,1,2월 20일 다녀옴. 처음에 주는 목살인지 모르겠는 그 고기와 주력인 삼겹살에서 냄새남. 해동이 잘못됐던지 오래된 고기를 사용한 냄새. 그래서 대패만 리필함.
0,8267190,5, 
1,8267190,5, 
2,8267190,5,여기모르면 간첩
3,8267190,5, 
0,820242555,1,불친절 비위생 노맛
1,820242555,4,역할 맛있어
2,820242555,1, 
0,2112818128,4,맛있어용
1,2112818128,4,에그드랍 맛있어
0,9699425,4, 
1,9699425,5, 
2,9699425,5,굿굿
3,9699425,5,여친이 젤 좋아하는 곳 ~
4,9699425,5,블랙앤그레이 때매 더 시각적으로도 좋았고 여친두 되게 만족스러워함
5,9699425,5,분위기 좋고 플레이팅 굿 ^^
6,9699425,5,맛있어요
7,9699425,5,파스타의 느끼함이 별로없어서 좋았고~ 스테이크두 존맛탱...ㅎ
8,9699425,5,새롭게 생겼다하서 와봤는데 ㅎㅎㅎㅎ 친절하면서 밥도 딱 제취였음 ☜(⌒▽⌒)☞
9,9699425,5,맛있게 잘 먹고갑니다
0,1418474595,5,"무엇보다 직원분들이 굉장히 친절하시고 분위기, 자리도 편안해서 방문할 때마다 기분 좋게 커피 마시다 갑니다. 주변에 있는 다른 프랜차이즈 카페들보다 추천이에요!"
1,1418474595,5,직원분께서 엄청 친절해서 덕분에 오전부터 기분이 좋네요~
2,1418474595,5,1층으로 다시 오픈했다고 해서 갔어요~ 천안에 다시 생겨서 너무 좋아요^^
3,1418474595,1,폐업함...ㅜ
0,27559974,5,"스토리나 컨셉이 분명해서 몰입도가 높고, 문제 해결방식이 다양해서 신박했어요ㅎㅎ 그리고 무엇보다 직원분이 너무 친절하셨어요!!! 밴드가 필요했는데 바로 약이랑 밴드 챙겨주시고, 문제 풀다가 카운터에 전화했을 때도 신속하고 친절하게 힌트주셨어요! 방 들어가기 전이나, 탈출하고 나서도 너무 친절하게 안내해주셔서 좋았습니다ㅎㅎ 조만간 다시 갈 거예요!!!"
1,27559974,2, 
2,27559974,5,직원분들 진짜 친절하세요! 장치나 자물쇠도 좋았습니다! 마지막 테마 빼고 다했어요.
0,13026116,5,딸기라떼 맛있어요b
1,13026116,5, 
2,13026116,5,여자사장님 친절하심!
0,650477795,5, 
1,650477795,4, 
2,650477795,5,커피 맛과 분위기도 좋았고 직원분들도 친절했어요 굿굿
3,650477795,5,카페 공간이 커서 넉넉하고 인테리어도 깔끔합니다
4,650477795,5, 
0,591043581,5, 
0,780202667,1, 
1,780202667,4,버거말고 디저트 맛집
2,780202667,4, 
3,780202667,3,쉑버거랑 스모크쉑 친구랑 먹었는데요 스모크쉑은 너무 짰다고하네요 그나마 쉑버거가 낫긴한데 청담점에서 먹었던맛하고 비교했을땐 아쉬워요
4,780202667,2, 
5,780202667,5,맛나용
6,780202667,1, 
0,1044031012,1,별로예요
1,1044031012,2, 
2,1044031012,3, 
0,1996558331,5,여기 맘모스 최고 존엄입니다 진짜 너무너무 맛있어요 제발 드셔주세요 다들
1,1996558331,1,"네이버 후기도 그렇고 여기도 그렇고, 직원 불친절하단 얘기가 꽤 있는데 개선의 여지는 전혀 없나봅니다. 사장님이 고객리뷰 관리 잘 안하시나봐요. 빵이 아무리 맛있으면 뭐해요 손님이 와도 본체만체 하는걸요..... 두 번 갔는데 처음엔 그냥 타이밍이 그랬나보다 싶었고, 오늘도 여전히 그런걸 보니 매장 특성인가 봅니다. 제품력만큼 서비스도 중요하다는 걸 아셨으면 해요."
2,1996558331,5,대체로 이용연령층 다양하게 구성된듯. 크루아상 크고통통하고 버터좋은거쓰나 기름기가별로없고 바삭하고좋음. 쑥스콘?얘도 기름기별로없는데안퍽퍽하고 담백하고딱좋음.시금치식빵 엄마드리려고삿는데맛잇다고하심.
3,1996558331,4, 
4,1996558331,3, 
0,169224459,5, 
1,169224459,5,좋아요
2,169224459,4,도넛도 맛있고 버터크림라떼도 맛있어요!! 하프커피 도넛이랑 레몬 강추!!
3,169224459,5,매장이시원하고 알바분이 친절해용 :)
4,169224459,5,크림 라떼는 전체적으로 맛있고 바나나맛이 제일 괜찮은듯? 도넛도 맛있는데 흑임자 케익이 먹어볼만함
5,169224459,5, 
6,169224459,5,존맛탱 없어지면 나 울거임
0,1265090306,1, 
1,1265090306,3,"떡갈비 비싸지만 맛있고 코다리냉면도 물냉면으로 해달라고 하면 해주세요 맛있어요, 비빔냉면은 참기름이 낭낭해서 고소하네요"
2,1265090306,3,맛있어요~
0,1499965402,5, 
1,1499965402,1,원래 별점5점만 쓰는데 ㅠㅠ 1점 씁니다. 같은매장인데 순살콕이라는 메뉴가 순살치킨에서 냄새나는 싸구려 팝콘치킨으로 바꼈어요ㅠㅠ 직원은 친절하셨지만 여쭤보니 원래그렇다고 하다가 메뉴판에 5피스 나와있고 리뷰 사진도 치킨이라고 보여드리니까 당황해하시면서 바꼈다고 하심 ㅜㅜ 맛이없고 돈이아까워요... 큰돈아니라 안따지고 돌아섰는데 기분은 별로네요ㅜㅜ
2,1499965402,2,다른매장에서 먹었던거와 너무 차이나서 후기남김. 패티가 너무 퍽퍽해서 맛이없다. 재료바뀐거 설명도 안함.
3,1499965402,5, 
4,1499965402,4,든든점심세트 먹었는데 8900원에 이정도면 가성비고 햄버거 맛도 괜찮음
5,1499965402,1, 
0,874192867,5,맛있어용 ¥
1,874192867,5,여러 모찌이야기 가봤지만 천안점이 제일 맛있어요!!! 멀어도 항상 여기로 사러갑니당ㅎㅎ
0,1248877171,5, 
0,1782818006,5, 
1,1782818006,1,불친절을 기본교육으로 하는건가요? 직원분들이 모두 불친절 해요. 한두번 그냥 넘어 갔는데 한결 같네요. 매번 음식은 늦게 나오고 음식대비 가격이 싼것도 아닌데 전부 셀프에 해주는것도 없으면서 굉장히 눈치 보이고 불쾌하게 만드는 곳이네요. 별 ㅣ개도 아까워요.
0,1164481578,1,아니 무슨 갈때마다 나오는데 20분이 걸리냐 ㄹㅇ ㅋㅋ
1,1164481578,4,kfc는 맛있어
2,1164481578,1,병원보상도 말안해줌
3,1164481578,3,뼈치킨에서 비린내가 너무나요...
0,1302439445,3,쏘쏘해요..
1,1302439445,1, 
2,1302439445,5,어린 딸아이 데리고 함께 갔는데 친절히 응대해주시고 감사했어요 또 가려고요~!!
3,1302439445,5,자주가는곳
4,1302439445,5, 
5,1302439445,5,처음방문했을때는 그렇게 인상깊지않았는데 2번째 방문했을때는 맛있다고 느꼈다. 전체적으로 퀄리티좋고 아x백과 비교했을때 가격대비 여기가 더 좋은거같다
6,1302439445,5,맛있어요~~
0,17023589,5,진짜 맛있음요 간 적당함 쌀국수는 국물이 맛이 딱 좋아서 소스 안찍어 먹음
1,17023589,5,백화점시간에 맞춰닫아요 열시까지 아님
2,17023589,5, 
3,17023589,4,맛있어요!! 가격은 좀 셈
4,17023589,5,음식 맛있습니다! 깔쌈하고 간도 적당히 좋아요! 특히 밥 종류가 제일 적당한 매콤함과 달콤함이 있어서 맛잇어요!
5,17023589,5,톰얌 볶음밥 넘 맛있어요
6,17023589,5,열네번쯤 간듯 매운해물팟타이 필수!
7,17023589,1, 
8,17023589,4,"처음간거니 맛이 바뀌었는지는 모르겠고, 메뉴 빨리 나오고 맛은 그냥 그랬지만 재료 빼달라는거 딱 맞춰서 나오는거 좋았음"
9,17023589,3, 
10,17023589,1,맛나요!!~~
11,17023589,1,적당히 맛있네요
12,17023589,5,맛 최고예요. 조금 자극적이긴 합니다 맛있는데 먹고나서 물 한바가지 먹어요
13,17023589,5, 
0,77703772,5,깔끔하고 맛있어요. 수육과 칼국수 같이 먹으면 고기국수 같아요.
0,15692374,1,가성비 똥망
1,15692374,5,항상 신선하고 익힘의 정도도 적당하고 저한테는 최고의 스시가게입니다 여러분도 꼭 가보시길
2,15692374,5,재료들이 신선하고 완전 사장님도 친절하시구 맛있게 잘 먹었습니다
0,2052582270,3,불친절해요
0,15772077,1, 
0,98543582,4,짜유
1,98543582,5,직원이 친절
2,98543582,5,맛있었어요
3,98543582,3,소스가 부족함
0,13100170,1, 
1,13100170,5,갈비탕
2,13100170,1, 
3,13100170,1,순댓국 돼지냄새 엄청남 들깨 들이붓고 다데기 넣어서 먹었으나 그 후로 3일동안 설사했음
0,412028722,5,사장님 너무 친절하시고 다른지점보다 더 맛있어요 짱이예요!!!♡♡♡
0,1327009257,1, 
0,1950391733,5, 
0,430690954,1, 
0,280411663,5, 
0,21259092,1, 
1,21259092,3,샤브샤브 조금 아쉬워요
0,1980903437,5, 
0,15964172,5,근래 마셔본 커피중에 제일 맛있네요 커피 종류도 많고 직접 로스팅까지 하는 곳이니 믿고 가셔도 될듯해요 극장이나 백화점 방문겸 가도 되니 편하네요 다만 앉아서 마실 공간은 없으니 참고 하시길
1,15964172,5,커피도 맛있고 직원분이 너무 친절했어요 블루베리요거트스무디 잘마시고갑니다
2,15964172,5,야우리 4층에 있는 카페 맞죠?? 코로나 터지고부터 힘들때마다 이용해왔는데 직원분들 다 너무 너무 친절하시고 커피도 맛있어서 힐링되었어요~ 정말 감사합니다~!
3,15964172,1,너무 불친절해요
0,297170056,5, 
1,297170056,5,사장님도 친절하고 넘 맛있게 먹었네요 ㅎㅎ
0,905683067,1, 
0,143787307,1, 
1,143787307,1, 
0,21964981,5, 
1,21964981,5,공차 펄이 맛있는데 여긴 더 맛있어용 그리고 완전 친절하셔요
0,1114379502,4, 
1,1114379502,3,사람들이 엄청 많지만 백화점 구경하고 자주 가는편
2,1114379502,5, 
3,1114379502,1,리저브드로 구매하게 사기치는 곳
4,1114379502,1,커피맛 모르는 사람들 전용 커피숍
5,1114379502,4,굿
6,1114379502,5,직원들이 친절함 근데 스벅 많아서 폴바셋이었을때가 그립다 폴바셋ㅜㅜ
7,1114379502,4,내부 너무 사람이 많지만 뭐 스벅 평균 갈데없을때 오기 좋음
8,1114379502,3,지금도 나쁘진 않지만 폴바셋이었을 때가 좋았음.
9,1114379502,5, 
10,1114379502,5,잘 먹고 갑니다 ㅎㅎ
11,1114379502,5,직원분들이 굉장히 친절하세요!
12,1114379502,3, 
13,1114379502,5,인테리어 좋고 맛나요
14,1114379502,2,사람 많고 자리는 적고 불편해요
0,26345763,1, 
1,26345763,1,손님 저밖에없는데 진동벨 울리는데 왜 빨리안오냐고 재촉하시는지.. 10초남짓 그런걸 가지고 참... 급한 통화중이라 그런걸 그것도 못기다리면 장사 어떻게 하시나요
2,26345763,3,Even the place is a bit old. The foods are awesome and delicious. -Philippines
3,26345763,1,딴걸몰라도 제발 쟁반같은거좀 깨끗히 유지해주세요... 버거내줄때 끈적이면 좀 닦을만도 한데 너무 찝찝해요.
4,26345763,1,사장님인지 아저씨인지 너무 불친절하시네요. 손님한테 물티슈 툭 던져주고 카운터 보는 사람도 없고 배달 기사분들은 매장 문 열어놨는데도 문앞에서 담배피고 연기 다 들어오고 기분 너무 나빠요... 친절하게 좀 대해주세요!!!
5,26345763,4,종종 내용물이 부실한거 같아요 ㅜㅜ
6,26345763,5,오 이 지점 주인이 바뀌셨네요... 치킨이랑 버거 푸짐하고 엄청따뜻하고 바삭하게 맛있게 먹었어요!!!
7,26345763,1,별점 하나도 아깝네요 바빠서 빠르게 패스트푸드로 끼니 때우려다가 늦게 나와서 볼일보려던거 지각... 단품하나시켰는데 20분가까이 걸리는건 심한거 아닌가요? 서비스도없고 죄없는 카운터직원분만 죄송하다하고..끝. 장사 이렇게 해서 안망하는게 신기...
0,1713253130,5, 
1,1713253130,5, 
2,1713253130,5, 
3,1713253130,5, 
4,1713253130,5, 
5,1713253130,1, 
0,1446000513,1, 
1,1446000513,5, 
0,1366569098,5,집에 오자마자 급하게 먹느라고 이쁘게 찍은 사진이 없네여ㅠㅠ 오늘의 샌드위치는 치킨텐더였는데 넘모넘모넘모 맛있었어여 집근처 가게라 오며가며 눈여겨봤었는데 앞으로 애용하게 될 거 같아요 넘모 맛있당 양도 많고 재료도 신선하고 내용물 아낌없이 들어있는 거 보고 반했습니당 :)
1,1366569098,5, 
2,1366569098,5,가려고했던 샐러드집이 열지않아서 우연히 가게 되었습니다. 밥대용으로 요거트를 먹게된건 처음인데 달달하고 은근 든든하니 맛있었습니다. 분위기랑 인테리어도 좋구 직원분들 전부 친절하셔서 기분좋게 데이트 할 수 있었습니당 감사합니다!
0,368220282,5, 
1,368220282,1,앞 도로변에 주차하는데 되게 머라고 하네요. 도로가 아니라 사유지라서 그런것까지 이해하는데 좋은말로 하면 될것을... 식당이 문제가 아니라 사람을 대하는 태도가 별로네요.
2,368220282,5,맛있어요! 터미널 근처 맛집으로 가볍게 먹기 딱 좋아요!
0,232145387,5, 
0,24269752,5,"2명이서 왔으면 칼국수랑 돈가스 시켜서 나누어 드시길. 장칼국수도 맛있지만 개인적으로 바지락 칼국수를 더 맛있게 먹었고, 칼국수 맛집이지만 돈가스 맛도 양도 최고."
1,24269752,2, 
2,24269752,5,"된장칼국수, 수제돈까스, 깍두기 맛집"
3,24269752,5, 
4,24269752,4,된장칼국수 시원하고 담백하니 너무맛있슴다 또먹고싶엉 ㅠ 근데 돈까스는 별?루..양 겁나 많으니까 각오하고 가십시오
5,24269752,5,"부담스럽지 않고 정말 맛있어요. 이것저것 맛 보고 싶어서 바지락칼국수, 된장칼국수, 돈까스 먹었는데 칼국수는 양이 많아서 거의 다 남긴 것 같아요 ~ 한 달에 한 번쯤은 꼭 방문 할 것 같아요 :)"
6,24269752,5, 
7,24269752,5,천안 칼국수 맛집… 돈까스도 맛있어용
8,24269752,1, 
9,24269752,1,돈가스 얇아요.. 칼국수는 면도 그렇고 특별할 거 모르겠어요 얼마 안걸린다고 하셨는데 50분 기다렸어요 시간 감안 하셔야 할듯 개인적으로 이정도 웨이팅 해서까지 먹을 맛은 아니었어요 주방은 장갑 낀 손으로 튀기고 청소하고 돈가스도 손으로 잡고 자르시더라구요 그런거 신경 쓰시는 분들은 참고하세요
10,24269752,1,무려 1시간정도나 기다리고 먹은거 같아요.. 유명세에 비해 맛도 그닥... 양은 많은데 돈까스는 엄청 얇고... 왜 웨이팅 하는지 모르겠어요 김치가 제일 맛있어요
11,24269752,5, 
12,24269752,3, 
13,24269752,3, 
14,24269752,5, 
15,24269752,1,"1인 손님 안받으십니다. 사람 많은데 오래 걸린다고 대기부터 받지 않으시는데, 1인 손님은 사람 없을때만 찾아가야 하나요. 일부러 여기까지 찾아왔는데 아쉽네요."
16,24269752,5,이 집최고의 메뉴는 김치입니다. 김치또먹고싶댱ㅇ;;
17,24269752,1,"돈까스 포장한 거 우연히 먹어 보고 넘 맛있어서 시간 내서 찾아 왔는데 남자 사장님 돈독 오르셨나? 먹기도 전에 기분 잡침. 번호표 받고 20분 대기 하다가 들어가서 한 명이라고 했더니 약간 얼빠진 눈으로 쳐다보시곤 혼잣말로 '아, 한 명...'어쩌구 하는 소리 듣고 기분 좋지 않더라고요. 네 명 테이블이라 한 명 앉히긴 아까워서 그런가? 맛은 있는데 사장님 마인드 때문에 담엔 안 올래요ㅋ"
18,24269752,5,재방문의사 200%
19,24269752,1, 
20,24269752,5, 
21,24269752,5,칼국수집인데 돈까스 맛집. 양많고 맛있음.
22,24269752,5, 
23,24269752,1, 
24,24269752,5,돈가스랑 칼국수 동시에 먹고 싶을 때 여기가 딱이에요 양 많아서 1인분씩 시켜야 딱이에요
25,24269752,4, 
26,24269752,4, 
27,24269752,5, 
28,24269752,5, 
29,24269752,3, 
30,24269752,5,갈때마다 된장칼국수 + 돈까스 조합으로 먹는데 양 많고 맛있어요.
31,24269752,5, 
32,24269752,5,친구가 가자고 해서 갔을때는 긴가민가하면서 따라갔는데 너무 맛있네요. 장칼국수 특이했더 메밀국수도 맛있었어요. 천안에 가면 또 가고싶어요.
33,24269752,5,가성비갑 바지락칼국수와 돈까스집이다. 바지락이 많이 든 기본에 충실한 해물맛과 양이 만족스럽다. 돈까스는 옛날스러운 스타일의 맛이고 얼굴만한크기로 두조각이 나온다. 성인남자 두명이 가면 적당히 딱 먹을 양이다. 천안 현지인 맛집이다.
34,24269752,4,"가격 가성비최고. 사실 살면서 뭐 이런데가 맛집이래...?했는데 맛집일 수 밖에없었음. 그러다보니 돈까스도 싫어하는데 돈까스도 존맛으로 느껴짐. 남친은 환장함. 겉절이, 깍두기 맛있음. 가끔 생각나는 된칼, 바칼... 햄뽁"
35,24269752,4, 
36,24269752,2, 
37,24269752,5,가격대비 양도 많고 맛도 괜춘
38,24269752,2,이 집이 왜 유명한건지.... 심지어 줄을서서 먹어요...
39,24269752,3,돈까스 양이 매우 많음. 생각보다 느끼하지는 않음.
0,491138755,2, 
1,491138755,3, 
2,491138755,5, 
3,491138755,5,키키라떼 맛있음 :)
4,491138755,4, 
5,491138755,5,너무이쁘고 아기자기
6,491138755,4, 
7,491138755,5, 
8,491138755,5, 
0,14809008,1,개더러움
1,14809008,1,ㄹㅇ 0점있음 주고싶네요 불친절에 위생이 어마어마하게 더럽네요 선풍기는 한 3년 안씻은걸 돌리고 가게 안은 엄청 덥고 고기는 먹을만한데 벽과 선풍기 그리고 환풍기 진짜 청소 좀 하세요 더러워서 먹을 생각도 안나요 친절하기라도 하던지
2,14809008,3, 
3,14809008,1,불판이 어찌나 더럽던지...
4,14809008,2, 
5,14809008,1,더워서 익음 여름에 에어컨 안트는 곳이 있다니ㅠ .. 사장님도 아이스팩 얼굴에 대고있으시던데.... 에어컨 장만하시길요ㅠㅠ
6,14809008,5, 
7,14809008,1, 
0,1818683057,3,한 번쯤은 가봐도 괜찮지만... 조금 아쉬웠어요
1,1818683057,5, 
2,1818683057,3,분위기가 정말 좋긴한데...가격대비 양이 너무우우 적었어요ㅠ...맛도 약간 아쉽고😭😭
3,1818683057,5,뇨끼맛집!
4,1818683057,5, 
5,1818683057,2, 
6,1818683057,5,냠
7,1818683057,4, 
8,1818683057,5,jmt
9,1818683057,3,첫입 먹고 진짜 맛있다 생각했는데 먹을수록 너무 느끼했어요…(느끼한거 잘 먹는편) 가격이 저렴한대신 양이 적어서 둘이가면 3접시는 시켜야 합니당 그리고 가게 내부가 그리 크지 않아서 웨이팅 좀 하셔야해요
10,1818683057,4, 
0,801109631,5, 
1,801109631,5, 
2,801109631,3,인테리어도 예쁘고 커피랑 크로플이 맛있는데 화장실이 노래방 조명이고 어두컴컴한데 오드리햅번이 쳐다보고있어서 너무 무서워요;
0,632705065,5,웨이팅 맛집!!!
1,632705065,5, 
2,632705065,5,최고
3,632705065,5,진짜 맛있어요
4,632705065,4,대 존 맛 !!!
5,632705065,5,막창 토시 늑간 다 젼맛 그냥 주시는 순두부찌개도 맛있음ㅠ
6,632705065,5, 
0,395935691,3,물가상승률 대비 가성비 있음
1,395935691,1,아주별로예요  만이 불친절해요 기분 만이나쁨이야요
0,548155602,3,분위기는 좋은데 좌석이 많지 않고 음식이 짜요ㅠㅠㅠ
1,548155602,2, 
2,548155602,4, 
3,548155602,5,진짜 개 대 존 맛 집
0,13124242,5, 
0,8245309,5,정말 좋아요!
0,27544540,5,제육볶음 대왕 맛있음
0,1044537167,5,제가 전화했을때는 전화 친절하게 잘 받아주시던데요..무분별한 별점테러는 하지맙시다
1,1044537167,1,사장이 전화받는거나 말하는게 예의가 안되있음. 기본적으로 화가 나 있는 말투.  이 댓글 보면 분명 어이없어하면서 옆에 직원한테 내가 말투가 그러냐 물어보면서 자기가 그런지 모를꺼같다.
0,1762096799,5,"천안의 숨은 소곱창 맛집. 평일 저녁 6시, 심지어 월요일 저녁 6시에도 에도 웨이팅 하는 곳."
1,1762096799,4, 
2,1762096799,5,맛있게 잘 먹고 갑니다 :)
3,1762096799,5,가족모임있어서  다녀왔는데 정말 맛있어요 제가 왕십리 사는데 곱창원조라고 자부하는 곳들 보다 훨씬 퀄리티가 좋았어요 식당 위생상태가 좋아서 더 맛있게 느껴진것도 있는것 같아요 젊은 사장님 너무 친절하고 완전 만족입니다 곱창 좋아하는 분들께 추천하고싶은 식당입니다
4,1762096799,5,한우곱창 대창구이 맛있어요 ~
5,1762096799,5, 
6,1762096799,5, 
7,1762096799,5, 
8,1762096799,1, 
9,1762096799,5, 
10,1762096799,5,마이쪄
11,1762096799,5, 
12,1762096799,4,낫베드.
13,1762096799,5, 
14,1762096799,5,맛있어용 대창구이 쫄깃쫄깃
15,1762096799,5,사장님도 친절하시고 한우곱창 맛있어요!
16,1762096799,5, 
17,1762096799,5,"넘 맛있어요~ 사진은 못 찍었지만 비주얼 끝내주네요. 사장님도 넘 친절하시구, 정말 감사드립니다."
18,1762096799,5, 
19,1762096799,5,넘 맛있당!! ㅎㅎㅎ
20,1762096799,5,곱창끝내줌
0,1684280126,1, 
1,1684280126,5,맛있어용 다꿔줌
2,1684280126,5,육즙팡팡~맛있어요~^^
3,1684280126,1, 
0,17865660,5, 
1,17865660,5,그냥 족발과 매콤 족발의 조화가 좋습니다!!!
0,27560790,5, 
0,1725744277,5,바삭하고 양도 무지하게 많음 다음날 썰어서 치킨마요 해먹음 사장님 개바빠서 불쌍함.
0,19926807,5, 
1,19926807,5,분위기 저아연~♡
0,1032208911,1,"땡초참치김밥 먹고싶어서 땡초김밥에 참치추가 해서 시켰는데, 참치 코빼기도 안보임ㅋㅋㅋㅋㅋㅋㅋㅋㅋ 안에 재료도 완전 부실함;;;; 게다가 불친절. 오픈했을때랑 1년전에도 몇번 갔는데 그때마다 불친절하고 고기냄새나고 부실해서 안가다가 김밥 대충 먹으려고 갔는데, 아예 손절함...... 이제 돈줘도 안갈듯"
0,470271557,1,"전화로 주문했는데 진짜 너무너무 불친절하셨음. 그냥 우리한테 호통 침 사는 동내 노랑통닭이 연락이 안되서 거리 얼마 차이 안나서 신부점에 시킨건데 ""아..성정동? 성정동에도 노랑통닭있는데 모르시나보네?"" 이러심ㅋㅋ 거리도 먼거 아니고 1km였는데 대놓고 전화로 그렇게 말하셔서 뭐야 싶었음 음식맛이고 뭐고 필요없고 재주문의사 절때없음 전화로도 아 진짜 예의없구나 불친절하구나 라는걸 뼈저리게 느낄정도였음 첨에 후기 보고 불친절하다는거 너무 많아서 시킬까 말까 고민했는데 그냥 시켰더니 이렇게됨 그리고 제일 기분 나쁜건 배달비도 명시 되어 있는거 보다 더 많이 받음 전화로 따졌더니 오히려 화냄 배민에 명시 되어 있고 어플로 주문해도 기본 배달료이고 거리가 가까움에도 불구하고 추가로 천원 받을라고 버럭버럭 우기심 말이 안통해서 그냥 추가로 천원냄 진짜 별 하나도 아깝고 브랜드 이미지도 나빠짐 어디에 신고가 가능하다면 신고하고 싶을 정도로 너무 화가 나고 억울함 뭘 이해가 가게 설명도 안하고 화만내심 너무 짜증남 심지어 뼈로 시켰는데 순살로줌 너무 짜증남!!!!!!!!!@@@@@ 진짜 너무너무 최악임"
1,470271557,3,"사장님이 아무리 바쁘시라도 배달기사님이랑 알바생한테 소리지르시는것은 아니것 같아요, 그치만 떡볶이는 부드러워 맛이고 치킨도 바삭바삭하니까  별3개드릴게요"
2,470271557,1,사장 진짜 개 무개념임 손님들 있는데 알바생이나 오토바이 배달 직원한테 소리는 왜 지름?
3,470271557,1,매장에서 먹었는데 사장님인지 직원인지 정말 불친절하다고 느꼈습니다
4,470271557,5, 
0,1914752423,5, 
0,1981452195,5, 
0,26320894,1,불친절해요
1,26320894,1,불친절합니다
2,26320894,1,웬만하면 평점 안 남기는데 여기는 직원분들이 불친절하신게 기억에 남아서 적어요. 구우라고 있는 고기를 약불로 5분도 안 구웠는데 타니까 불 끄라고 여러번 들었어요. 먹는데 이렇게 지적하는 곳은 처음이었어요.
3,26320894,1, 
4,26320894,2, 
5,26320894,1, 
6,26320894,2,연공.  해로운.  별로 맛이 없습니다.  나는 조언하지 않는다
7,26320894,3, 
8,26320894,1,불친절. 사장님은 직원들 인센티브 좀 드리시길!
9,26320894,1,맛이 없어도 하.... 친절이야 둘째 치고 맛이라도 있어야지요.. 생전 이렇게 맛 없는 육수는 처음...
10,26320894,5,일단은 맛이죠~~
11,26320894,1, 
0,10876295,5,여기 다른 지점보다 피자 잘 만듦
0,1082104146,5,"친절하고, 삼겹살 맛이 최곱니다."
0,11905272,2,피자빵 샀는데 바로 손에 다 들러붙고 흰색깔..? 뭐도 있는 거 그냥 먹어봤는데 맛이 좀 이상해요 상한 거 같은데 ..다시 가서 환불하긴 귀찮아서 버려요 ㅜ
1,11905272,1,전화로 뭐 좀 물어봤는데 말투가 별로였음
0,21258436,2, 
0,990157189,5, 
1,990157189,5, 
0,10873039,5,짱
0,8953807,5,오래되서 좋아여~~
0,934116890,5,"사장님이 친절하시고, 집밥같은 느낌이라 너무 맛있어용!!"
1,934116890,5,가격이 저렴하네요. 맛있고 정성이 듬뿍 담겨 있네요. 자주갑니다.
2,934116890,5,가격도 저렴하고 맛있네요. 서비스도 겸손하고 친절하십니다.
0,16013104,5,빵 맛있고 많이 사도 가격부담 없어서 좋아요
0,1534964271,1, 
1,1534964271,5, 
0,833864674,5,집 근처에 이렇게 맛있는 분식점이라니! 김밥 맛은 말해뭐해 넘 맛있어용
1,833864674,5,김밥 맛집
2,833864674,5,참치김밥 맛있어요
0,307802603,5,2마리 3가지맛 세트 포장해서 먹었는데 너무 맛있게 잘 먹었습니다. 번창하세요~
0,1155906501,5,좋아요
0,927257319,1,여기 여사장 재수 없다. 조만간 폐업할 듯
1,927257319,5,공부하기 딱 좋은데 오늘도 그렇고 최근들어 6인테이블에 혼자 앉아서 공부하는 여자좀 단속해 주세요.. 1인 테이블 있음에도 불구하고 무슨 심보로 그렇게 넓은 자리 혼자 차지하는지 모르겠네요...
2,927257319,5, 
0,808980937,4, 
1,808980937,5,메뉴가 아주 다양하고 입맛에 맞게 잘 구성되었습니다. 인테리어도 최고급으로 술맛 나는 천안 핫플레이스네요. 번창하세요.
0,765521937,1,손님 대하는 태도가 영 아니올시다
1,765521937,3, 
2,765521937,4, 
3,765521937,5,회가 신선하고 양도 푸짐해요 ^^ 강추입니다
0,618769203,5,예전에 자주갔던 국밥집
0,990168517,4, 
1,990168517,1, 
0,292912370,5,쑥 쉬폰이랑 나오는 크림은 쑥 향이 딱 맞게 나고 케이크랑 조화도 좋고 넘 부드러워요!! 그리고 말차라떼랑 커피도 넘 맛있었어요!!
1,292912370,5, 
2,292912370,4, 
3,292912370,5,바닐라라떼 다른 곳에서 먹어본적이 없는 맛인데 진하고 맛있어요 추천ㅎ
4,292912370,5, 
5,292912370,5,바닐라 라떼랑 케익 먹었는데 정말 맛있었어요! 제가 살면서 먹어본 바닐라 라떼 중 제일 맛있습니다 우유도 굉장히 진하고 고소하고 커피 향과 맛도 다른 프랜차이즈랑은 비교가 안돼요 사장님도 친절하시고 너무 좋아요~~
0,1459752960,5,저희집 멍멍이가 좋아해요. 아아 맛집♡
0,629914940,1,예의있게 말하면 기본으로 응대해주면 되는데 조롱하듯이 응대하네요. 키큰분요
0,320416612,5,맛도 좋도 집 앞에서 한 잔 하기 좋은 호프집입니다!!! 사장님도 정말 친절하세요! 음악검색하고 있었는데 친절히 먼저 알려주시다니!!!
0,2088406995,5, 
1,2088406995,5, 
2,2088406995,5, 
3,2088406995,5, 
0,74268410,5,댕댕이랑 신나게 놀구왔어요~ 사람보다 댕댕이가좋은카페지만  음료맛도괜찮아요ㅋ
0,1717073508,5,사장님이 친절하시고 디저트가 너무 맛있어요
1,1717073508,5,충격 숨겨진 디저트맛집
2,1717073508,5, 
0,1182669732,5, 
1,1182669732,1,"어제 구운통닭+떡볶기 포장으로 주문했다. 포장물 받아 집에와서 포장을 열어보니 광고전단지가 들어있어서 가격표를 봤는데 1.6천원 이다. 포장주문은 1.9천원이다. 왜 3천이 비싸냐고 물었더니 자기들은 모른단다..배민이 가격을 그렇게 했단다. 배민 가격은 1.6만원, 포장주문은1.9만원이다.. 황당하다. 치킨의 내용물은 3~4호 병아리 정도이면서 다리는 다른 더큰 놈 것이다. 이집 개업한지 얼마 안됐는데 아마도 오래 못갈것 같다.."
0,875338872,5, 
0,2143222343,5,휘낭시에.넘나 촉촉하고 맛있다구용 🥹조금 비싼감있지만 좋은 버터 쓰시는듯
0,170623193,5, 
1,170623193,5,넘 친절하시고 치킨도 맛있어요 친구랑 편하게 맥주한잔 하고싶을 때 자주 방문하게 될 것 같아요 아 닭똥집 튀김도 맛있어서 좀 놀랏어요
0,1167889724,5,왜 후기가 없져ㅠㅠ 여기 등갈비 맛있어요. 자꾸 생각나는 맛! 일주일에 한 번 이상은 포장해서 먹고있어요. 맛있게 매워서 스트레스 풀기에 딱입니다
0,1721914257,1,음... 다른 지점에 비해 아주 심하게 맛이 이상해요. 정해진 레시피가 있을텐데.. 무시하고 마음대로 만드시나요..?? 제발 다른 지점이랑 비슷하게만 맛을 내주세요.ㅠ.ㅜ 집 근처라 자주 가고 싶은데 맛이 너무 없어서 슬퍼요
1,1721914257,5,너무 친절하고 맛있습니당:) 매장도 깨끗하고 뭔가 음료도 다른데보다 맛있는거 같네요 ㅎㅎㅎ 자주 이용할듯 합니당!!
0,9013220,5,사장님 완전 친절하시고 음식 맛있어요
1,9013220,5, 
0,804111392,5, 
1,804111392,5,디저트에 올라간 과일이 넘 맛나보입니다 .. 윤솔슈페너 꼭 먹으러 가겠습니다 …! ♡
2,804111392,5,카페가 너무 이뻐요!  디저트 쌓아두고 먹고싶네요ㅠㅠ
3,804111392,5, 
4,804111392,5,음료 여러 종류 마셔봤는데 다 맛있었어요! 라떼랑 밀크티 완전 최애 메뉴... 에이드 종류도 엄청 맛있어요! 디저트도 맛있는데 특히 크로플은 토핑이 넘쳐서 접시 나올 정도였고 바나나브레드 존맛입니다...ㅠ 먹으러 또 갈거에요
5,804111392,5,"라때, 크로플 맛집 사장님이 친절하심"
6,804111392,5,깔끔하고 아늑한 분위기라 좋았음. 테이블도 작은 규모에 비해 널찍했고. 아몬드크림라떼랑 딸기크림라떼가 너무 맛있어서 놀랐음. 스콘도 포슬하니 맛있었음. 근처면 종종 방문할거 같음
0,16938915,4,"명태찌게. 술마시고 다음날 생각나는 천안 3군데 집 중 하나 ( 그니식당, 전국낙지자랑) 예약 안하면 11:30 에는 도착해야 확실히 먹을 수 있음.  게를 이용해 기본 국물을 만들고 여기에 명태 1마리(2인분)를 넣은 칼칼한 국물맛이 일품인 식당.  솥밥도 좋고 나중에 누룽지도 좋음.   명태가 많지 않아 다음에 갈때는 2명이서 3인분 시킬듯."
1,16938915,5, 
2,16938915,5,만나식당 명태찌개 예약필수 유명맛집 동기회장이 강력 맛집 추천하고 맛있는 점심까지 사주셔서~~기회다 촬영 감사히 먹고^^ 맛있어서 그냥 먹기만 했다는... 맛집
3,16938915,5, 
4,16938915,5, 
0,21469624,5,최고의 소금빵..
1,21469624,2,평범한 동네 빵집 맛
2,21469624,5,맛있음!
3,21469624,5,최고. 너무 맛있어용 ♡
4,21469624,1,영....
0,803354914,5, 
0,1575949825,5,친절하시고 죽도 맛있어서 힘이 나네요!
1,1575949825,5, 
0,12248357,1,мало сыра
0,795590292,5, 
1,795590292,5,계란 샌드위치 꼭 드셔보세요 혜자임ㅠㅠㅠㅠ
2,795590292,5, 
0,2092230311,5, 
1,2092230311,5,세트가 있어서 혼자먹기 좋아요 순대에서 후추향이 솔솔 나는게 맛있었어요
2,2092230311,5,감사합니다.
3,2092230311,5, 
0,9366786,4, 
1,9366786,5,찐맛집. 나만 갈 거니까 아무도 가지 마셈
2,9366786,5,10년 넘게 가는 찐맛집
3,9366786,5,쌍용동이나 불당동에 있었으면 더 좋았을 천안 찐 맛집 ..진짜 음식이 다 맛있어요 근데 간혹 김치가 너무 달 때가 있음
4,9366786,5, 
5,9366786,5,수육 찐맛집
6,9366786,5, 
7,9366786,4,양이 어마어마함
8,9366786,5, 
9,9366786,5,진짜 수제비 너무 맛있었다. 또 먹으러가야지
10,9366786,5, 
11,9366786,4,수제비 맛난곳 ㅋ
12,9366786,4, 
13,9366786,4, 
0,788917674,5, 
1,788917674,3,여긴 망고빙수가 갑
2,788917674,5,매장이 깔끔하고 커피도 맛있어요 ㅎㅎ
3,788917674,3, 
4,788917674,1,토요일 오전 시간대 갔고요. 직원 분 태도 때문에 황당한 경험하고 갑니다. 여기처럼 태도 꽝인 카페 직원처음 봅니다. 뭘 물었는데 안보여서 다시 여쭤봤더니 굉장히 짜증내면서 아니꼬워하고 조소까지 하시는 태도에 굉장히 불쾌했네요. 두번 다신 안가고 싶습니다. 오천원 내고 불쾌함을 사다니. 별 한 개도 아까워요.
5,788917674,5,사장님도 친절하시고 매장이 커서 좋음
6,788917674,4,아아 자주먹는데 커피양은별루없고 얼음만 넘많아요ㅠ
7,788917674,3,무난무난
8,788917674,5,사원증 할인 너무 조아옹 ㅎㅎ
9,788917674,2, 
10,788917674,5,커피랑 바나나브레드 조합 짱
11,788917674,5,너무좋아요
12,788917674,1, 
13,788917674,4, 
0,13622060,5,맛있고 친절해요👍
1,13622060,5, 
0,14103981,5,'정식'의 이름이 아깝지 않은 최고의 식당
0,27365165,3,가격만큼 고수랑 숙주나물이 많이 나옵니다. 맛도 있어요. 그리고 카드 결제는 되지만 천안사랑카드와 현금영수증이 안되는 가게입니다. 갈때마다 항상 손님은 외국인 뿐입니다
1,27365165,4, 
2,27365165,5, 
3,27365165,5, 
4,27365165,4, 
5,27365165,5, 
0,2130459410,5,고기맛있음
0,1632323801,5,"가성비 좋음 ,, 맛있어요 ,,"
0,20057855,5,맛있어요
1,20057855,5,낙지볶음에 새우튀김 추가 꼭 하세요 매운 거 먹고 느끼한 튀김 먹으니까 무한흡입 가능 아쉬운 점 하나는 공기밥이 별도라는 점?
2,20057855,5,"시골애 천안, 아산점 다 가봤는데 여기가 낙지양도 제일 많아요. 청국장도 여기께 진하고 제일 맛있어요. 근데 청국장 양은 적은편이라ㅠㅠ 무조건 한번은 추가비용내고 더시켜먹습니다. 두번째는 많이주심ㅋ 무튼 맛집입니다."
0,1860018358,5, 
1,1860018358,5, 
0,903506893,5,넘 넘 맛있었어요 늦은시간에 가서 디저트가 두종류밖에 없어서 두개만 먹었는데 넘맛•••다음엔 다른 디저트도 먹어볼려구요 사장님들도 너어어무 친절하시고 강쥐도 귀여워서 담에 또 갈려구요
1,903506893,5, 
2,903506893,5, 
3,903506893,5,"진짜 맛있어요,,까까도 넘 귀엽구 ㅠㅠ"
4,903506893,5, 
0,952722671,5,맛집~!
0,1054240424,5,"신선한 고등어, 하얀 광어, 간재미.....   최고"
1,1054240424,4, 
0,2140663285,5,양이 좀 적은게 흠이지만 맛있어요!!
0,1821482015,5,사장님이 친절하시고 맛있어요
1,1821482015,1,최악
0,9816452,5, 
1,9816452,5, 
2,9816452,5, 
0,19707222,5, 
1,19707222,5,촉촉한 보쌈에 달콤 알싸한 마늘 소스가 일품입니다. 밑반찬도 맛있어서 가족들과 식사하기 정말 괜찮은듯하네요.
0,9880085,5, 
1,9880085,1, 
0,251896868,5,친절하신 사장님이 맛있고 엄청 귀여운 케이크 만들어주시는 곳 ~!
1,251896868,5,주문제작 케이크 귀여워요. 레드벨벳케익인가 그러는데 맛 괜찮아요. 귀엽게 잘 만들어주시는 것 같고 사장님 친절했어요
2,251896868,5, 
3,251896868,5, 
4,251896868,2,레터링 홀케이크 주문했는데 맛은 있지만 글씨를 못쓰세요.. 이렇게 삐뚤빼뚤한 레터링은 처음이네요. 다른 디저트 + 작은 케이크들은 맛있어보이는데 레터링케이크 비쥬얼은 실패였습니다.
0,1243942965,5,김밥이 알차고 맛있네요.
1,1243942965,2, 
2,1243942965,1,가격은 올랐는데 재료가 부실해졌어요.. 초심을 찾으시길 바랍니다
0,2115515105,5, 
0,562889500,5,아파트 상가 구석진곳에 있어서 나만의 아지트 같음...ㅋㅋㅋㅋㅋㅋㅋㅋ 나만 알고 나만 먹고싶음... 핵존맛
0,741700902,3,"린초밥 12P를 먹었는데, 퀄리티가 괜찮습니다. 15,900원입니다. 사장님이 친절하게 응대해 주셔서 편하고 맛있게 먹을 수 있었습니다. 아쉬운 점은 매장과 테이블이 협소한 편이고, 주차할 곳이 따로 없습니다."
1,741700902,3,그저 그런 평범한 스시
2,741700902,5,맛있어요 \^0^/
3,741700902,5, 
4,741700902,5, 
5,741700902,5, 
6,741700902,5,너무 맛있어요
7,741700902,1,진짜 맛없음. 밥이 끈적거림. 상한건 아닌데 초밥 먹으면서 끈적거리는 느낌 처음임. 연어초밥에 올려진 양파도 맛없음.. 장국도 별로고. 우동국물이 그나마 나음. 물에 티백이 담겨져있는데 그냥 맹물임. 다른 집보다 초밥 크기는 확실히 큼. 가성비로 배채우러 가기엔 좋을듯. 연어 좋아하면 연어초밥만 먹기를.. 연어 크기 엄청 큼.
8,741700902,5, 
0,1910866245,5,여기서먹을땐 그냥 그런가보다했는데 타지점방문후 여기가 상급지라는걸 느꼈습니다
1,1910866245,4, 
2,1910866245,1, 
3,1910866245,5, 
4,1910866245,1,"평일 디너 갔는데 접시들이 너무 더럽고 음식은 채워 지지가 않고 돈이 너~~~~무 아까웠네요. 15,000원이어도 다시는 안갈 것 같아요."
5,1910866245,1,"접시들이 다 더럽게 뭐 묻어 있고, 로봇은 서빙 다니면서 의자 치고 다니고, 먹을거 없는거는 말할 것도 없고, 다신 안가고 싶음"
6,1910866245,5, 
7,1910866245,5,Very good
8,1910866245,5,아웃백에서 사먹는 스테이크보다 훨씬 맛있는 기본 스테이크
9,1910866245,2,"원가절감? 디저트 종류 너무 없고. 대체적으로 잉? 이게 애슐리라고? 옛날 그 음식이 아닌데? 케익도 허접한 미니케익 2종 외에 다른 디저트 없음. 과자도 머핀도 없고 과일도 냉동열대과일에 오랜지가 끝. 평일 디너인데….. 커피도 라떼 종류 없고 에스프레소,  아메리카노만 있음. 커피잔도 착색인지 뭔지 얼룩덜룩 하고 다신 안올듯.. 민트축제? 민트초콜렛이랑 민트색 와플반죽이 끝."
10,1910866245,5, 
11,1910866245,1,음식보고 애슐리 아닌줄; 직원들도 불친절함
12,1910866245,2, 
13,1910866245,1, 
14,1910866245,5,음식맛도 너무 좋고 분위기도 좋았어요
15,1910866245,5,맛싯섯슴 퀸즈로 업그레이드 된 후부터 ㅅㅌㅊ
16,1910866245,2, 
17,1910866245,2, 
18,1910866245,3, 
19,1910866245,5, 
0,10203321,5, 
1,10203321,5, 
2,10203321,4,김밥천국중에 퀄리티 좋음.
3,10203321,2, 
4,10203321,5,맛있기만 한데요
0,2083034184,1,특선 초밥 2세트 시켰고 초밥의 밥이 하나도 안 뭉쳐져서 젓가락으로 집을 수도 없음 회 크기가 작기 때문에 밥에 간장을 묻혀야 하는데 간장 묻히기도 전에 3단 분리됨 밥알이 부드러워서 수저로 먹으라는 카카오 리뷰 이제야 봤는데 이러면 초밥이 아니라 전혀 다른 음식 아닌가요 식사 대접한다고 지인이랑 갔다가 미안해서 다른 음식점에서 배 채움ㅋㅋ 정말 비추
1,2083034184,5,맛남
2,2083034184,5,맛있습니당 ㅎㅎ
3,2083034184,5,전체적으로 소프트한 느낌 졸맛
4,2083034184,4,초밥은 부드럽고 맛있습니다
5,2083034184,4, 
6,2083034184,5,천안에서 가장 맛있는 초밥집이에요!!
7,2083034184,5, 
8,2083034184,5, 
9,2083034184,5, 
10,2083034184,5,"초밥 구성도 좋고 세트 가성비도 짱이에요ㅠㅠㅠ! 이렇게 팔아서 남는게 있으신지,,, 넘 마싯어요 회도 완전 싱싱함"
11,2083034184,2,회전이 너무 느려요 들어가니까 안치운 테이블만 3개있었는데 기다리라고 멀뚱멀뚱 세워놓고 한참있다 치운다음 앉게하고 음식도 너무 늦게나와요 맛도 그저그럼
12,2083034184,5,신부동 초밥은 여기가 제일 맛있어요! 퀄리티도 제일 나은듯
13,2083034184,4, 
14,2083034184,4,초밥이 정말 맛있네요. 회덮밥은 회가 생각보다 적게 들어있어 아쉬웠습니다.
15,2083034184,5, 
16,2083034184,3, 
0,74289508,5,여기 딸기 타르트 엄청 맛있어요 꼭 가세요!
1,74289508,5,음료도 맛있고 과일타르트 다 맛있었어요b
2,74289508,5, 
3,74289508,4,커피는 별로. 타르트는 맛있어요♡
4,74289508,5, 
5,74289508,5, 
6,74289508,5, 
7,74289508,5,여기 진짜 대박··· 여기 진짜 대박 여기진짜대박 사장님도 진짜 친절하고 여기 오면 꼭 타르트 드세요
8,74289508,5,케이쿠 존맛
0,480556748,5,맛이야 뭐 말 할거 없고 ~!! 서비스도 좋아서 너무 좋았어요
1,480556748,1, 
2,480556748,5,여기 존맛탱인데 평점 왜이럼..
3,480556748,1, 
4,480556748,1, 
0,9351879,5, 
1,9351879,5, 
2,9351879,4, 
0,27560344,3, 
1,27560344,2, 
0,973430918,3,초밥 안팔고 돈까스집으로 바꼈어요
1,973430918,5,일본에서 먹은 음식 맛이 나요 ㅎㅎㅎ 맛도 맛있고 무엇보다 런치타임으로 먹으면 훨씬 2만원3만원 사이에 배불리 먹을수 있어요 강추입니다!!!!!!
0,10204219,5,맛있고 서비스도 괜찮아요 ~~ !
1,10204219,5, 
0,1036990404,1, 
1,1036990404,1, 
0,1577613827,5,사장님이 참 친절하시고 피자도 맛있네요. 출장숙소 바로 앞에 있어서 편하게 포장주문 했습니다 ㅋㅋ 많이 파세요~
1,1577613827,1, 
0,1869915659,5, 
0,1536554260,5,여기  사장님이  가짜 한우면 열배 보상 해주는 곳입니다    여기 단골인데요  천안맛집으로 7손가락에는 드는 곳입니다  꼭 한번 맛보시길.
1,1536554260,5, 
2,1536554260,1, 
0,18217718,5,맛있게 잘 먹었습니다 동태찌개 먹었는데 맛있었음.
0,52633601,4, 
0,267363687,5, 
0,8345636,1,개 싸가 지 진짜 개 빡.  침;;;;; 다신 안가
1,8345636,3,밥종류는 맛있음.. 나머지는 그냥 저냥 ..
2,8345636,1, 
3,8345636,3,"변치않는 국물맛,샤브,칼국수,복음밥,듬북 미나리에 가성비까지 괜찮았는데 밑반찬과 솥 & 두껑은 아쉬웠음"
4,8345636,5, 
5,8345636,4,그냥저냥 괜찮아요 고기 따로 시켜야되고 볶음밥도 따로 시키는거 생각하면 가격이 비싼편
6,8345636,4, 
7,8345636,5,넓고 서비스굿  변하지않는맛
8,8345636,3, 
9,8345636,5,다른 지점이랑 먼가달라요! 더맛남
10,8345636,5,다른 등촌이랑 다름 너무 맛있음 특히 볶음밥이....
0,14539314,3,흑염소 탕이 맛은 있습니다. 고기도 많습니다. 가격이 13000에서 17000으로 30%가 올랐습니다. 2000원만 올리시지.
1,14539314,5, 
0,15698289,5,천안 맛집 인정합니다
0,664740876,4,따뜻한 분위기에 카페입니다 음료도 맛있었어요
1,664740876,4, 
0,1095114460,1, 
1,1095114460,4,무난해요.
2,1095114460,4, 
3,1095114460,5, 
4,1095114460,5, 
0,15636676,3, 
0,9115936,5, 
0,1839762713,5, 
0,243731683,5,너무 맛있다 ㅠㅍ
0,1028230579,5,감자만두가 굉장히 맛있습니다. 다른 만두 들도 맛있어요! 사장님이 굉장히 친절하셔서 기분이 좋았어요!
0,385107159,1,배달ㅊㅜㅇ들 식당 문앞에서 오토바이로 도로 쳐 막고 죽치고 있는데 관리도 안함 개판임
1,385107159,5, 
2,385107159,4, 
0,1326576158,5, 
0,474773192,5, 
0,104398684,5,너무 맛있고요 레드 소스가 자극적이지 않고 부드러워 좋습니다. 한달에 2번정도 시켜먹는 듯.
1,104398684,5,"무조건 먹어야 함!! 양념이 프랜차이즈와는 차원이 달라요~~ 후라이드의 간장양념도 완전 잘 어울리고,,,심지어 닭똥집까지 있어요ㅎㅎ 감동감동"
2,104398684,5,"제가 살면서 음식 리뷰남긴적이없는데 홍치킨 정말 강추합니다 가격완전 미쳤고요 가성비 사진보는것과같이 닭똥집, 감자튀김, 닭발튀김,떡튀김까지 너무너무 맛있어서 1주일에 2번은 여기에서 시켜먹어요 가격도 싸지만 맛도 정말 다른 맛난 치킨집 뺨후려치는정도에요!! 골목상권이여서 사람들이 잘모르는것 같아요 정말맛있으니 한번 드셔보세요~~~~"
3,104398684,5,백석동에서 신부동으러 이사했는데 맛집추천해드려요  맛도있고 좋아요
0,1800074944,5, 
1,1800074944,5,와 오늘 첨먹었는데 사장님도 진짜 착하시고 너무맛있어요 담에 또오겠습니다~!!
2,1800074944,5, 
0,76233498,5, 
1,76233498,5, 
0,785763223,3, 
0,1798922132,1, 
1,1798922132,5, 
0,27560305,2,맛이 많이 변함
1,27560305,4,기대를 많이 하고 가서 좀 아쉽긴했는데 기본 사이드도 많이 주시고 초밥도 괜찮았어용
2,27560305,5,좋ㅇㅏ요
3,27560305,1,"옛날엔 맛이 괜찮았어서 갔는데 너무 변했더라구요,,, 기본으로 나오는 메밀국수도 별로고 심지어 죽도 떡이였어요 이건 그렇다 치고 초밥 밥이 너무 질고 셔서 못먹겠더라구요. 응대도 성의 없어서 딱히 고치려고 하는것 같지도않고,,"
4,27560305,1,"음식이 상해서 계산 뒤에 지적하니 김이 눅눅해서 그렇다는 둥 다른 식재료 들이밀며 맡아보라는 둥 하시는데, 정상이 아닌 음식을 주시고 계산도 다 했는데 사과한마디 그리 어렵나요? 입맛만 버리고 속이 안좋아져서 먹던거 다 내려놓고 나왔네요. 좋은추억 많이 쌓은곳인데 이젠 두번다시 올 일 없겠습니다. 그리고 바닥에 손님들이 흘린 음식 보시면 좀 치우세요 벌레시체랑 같이 뒹굴길래 기겁하고 치우고 앉았습니다"
5,27560305,1, 
6,27560305,1,어우 짜
7,27560305,4, 
8,27560305,5, 
9,27560305,5, 
10,27560305,1, 
11,27560305,3,맛 ㄱㅊ 가격 좀 있음
12,27560305,1, 
13,27560305,5,여기가 야우리 초밥 원 탑인데 별점 왜 이럼?ㅋㅋㅋㅋ 군대 휴가 나오자 마자 먹는 곳이 여기고 샤리랑 네타 모두 양호함. 선도는 잘 모르겠는데 그래도 여기가 제일 맛있음. 다만 리모델링 중인지는 모르겠는데 안 열었음ㅠㅠㅠ
14,27560305,5, 
15,27560305,4,정말 좋아하는 집인데 별점이 너무 낮아서 아쉽네요... 신부동 초밥집 사이에서 결코 밀리지 않는 집이고 제가 완전 연어킬러인데 여기 연어를 제일 좋아하거든요... 연어배꼽은 구성을 바꾸거나 단품으로 시켜서라도 꼭 먹고요... 세트메뉴 구성도 정말 알찬 게 알밥 우동 (여름엔 소바인데 전 우동이 더 좋아요) 튀김 후식으로는 토마토도 주십니다 물론 식탁 위생이나 공간 좁은 건 개선되었으면 하는 바람이에요..
16,27560305,1,주방 위생상태좀 개선해주세요
17,27560305,3,가성비 괜찮은 듯. 스시+우동+샐러드+알밥 까지해서 1인 만 얼마였음. 근데 밥에 간이 너무 쎔. 시큼했는데 친구는 간이 쎈 거 좋아해서 맛있게 먹음
18,27560305,1,"확장전에 맛있어서 자주가던곳이였어요.. 정말오랜만에 방문했는데 사장님이 바뀌신건가요?   사이드 알밥, 우동,튀김 다 너무 별로여서 초밥조차 맛없게 느껴지고 네타도 커져서 한입에 먹기도힘들어서 질기고 맛을느끼기 어려워요... 너무 좋아했던곳이였는데 많이 아쉽습니다.."
19,27560305,4, 
20,27560305,5, 
21,27560305,5,누가뭐라해도 천안 최고 아니 전국 최고의 연어 맛.... 진짜 몇년동안 단골입니다 최고에요.... 오래오래 해주세요
22,27560305,1,비려요 ...심지어 질기기까지  ...
23,27560305,1, 
24,27560305,1,"사람이 많길래 맛집인줄 알고 갔는데 먹는 내내 파리두세마리가 날라다니고 종업원은 의자 치고 지나가면서 죄송하다는 말 한마디 없고 튀김은 코푸는 휴지 위에 올려서 내어주고 다 식고 눅눅하고 튀김옷도 덩어리져있고 알밥도 하나도 안따뜻하고 다 식은거 주고 회도 맛이 너무 없는데다가 신선하지도 않고 진심으로 경악했습니다. 왜 사람이 많은지 모르겠어요 심지어 옆테이블은 초밥에 생선을 깜빡하고 안올려줌,,, 달랑 밥만 덩그러니 있어서 서빙하던 종업원이 손도 안씻고 맨손으로 생선 올려주는데 그와중에 밥솥 뜨겁다고 소리지르며 난리난리... 최악의 스시집이었습니다"
25,27560305,3, 
26,27560305,5,내가 먹은 초밥 중 제일 맛있다...문화충격
0,26305590,5, 
1,26305590,5, 
2,26305590,5, 
3,26305590,5, 
4,26305590,5, 
5,26305590,5, 
6,26305590,5, 
7,26305590,5, 
8,26305590,5,가성비가 아니라 그냥 맛있어요
9,26305590,5,굿
10,26305590,5, 
11,26305590,1,콩나물국밥 5000원 으로 인상
12,26305590,5, 
13,26305590,5,국물 예술입니다
14,26305590,5,맛있어용 갠찬음 돈까스도 접시는 휑하지만 고기도 두툼하고 연한 편임 ㅇㅇ 콩나물국밥 생각나면 여기갈듯 현대옥보다 가성비 훨씬 굿
15,26305590,5, 
16,26305590,4,콩나물국 시원하다. 밑반찬이 부족한게 조금 아쉽
0,24978224,2, 
1,24978224,5,진짜 최고 말이 필요없음 ㄹㅇ 신부동 숨은 맛집
2,24978224,5,저는 맛있게 잘 먹었습니다.
3,24978224,3, 
0,8251869,1, 
1,8251869,1,내가 기대하는 뼈해장국의 맛과 거리감이 있음
2,8251869,5,선지뼈해장국 존맛존맛존맛탱!!!!!!! 완전 맛있어요!! 체고체고!! 가려던 밥집이 문을 닫아서 그냥 우연히 들어갔는데 이렇게 맛있다니 8ㅇ8 반찬도 정갈하니 가지수 딱 좋고 선지 냄새 하나도 안나고 놈모놈모 맛있어요. 얼마나 맛있냐면 이날 먹고 이틀뒤에 또 감 ㅋㅋㅋㅋㅋ 또 생각난당 이번주에 또가야디 :)
3,8251869,4, 
0,8366569,5,고기 맛남 부모님 오실때마다 같이감ㅋㅋ
1,8366569,5,맛있어요 종종갑니다
2,8366569,5,아주 맛있습니다
0,8587455,1, 
1,8587455,1, 
2,8587455,1, 
3,8587455,1,3인분 시켰는데 양이 너무 적어서 놀랐습니다. 닭 반마리 정도 주시던데 닭갈비가 원래 양이 적게 나오는거 같긴 한데 양이 휠씬 적서어 놀랐습니다. 맛도 특별할 것없고 밑반찬도 가격에 비해 너무 초라해서 돈이 너무 아까웠네요... 집에서 자주 음식을 해먹는 편이고 이날은 나름 춘천닭갈비라고 하기에 기대하고 갔는데 돈이 너무 아깝고 욕하고 싶을 정도더군요 요근래 보면 손님도 없는 거 보면 다른분들도 나름 느끼고 있다는 생각이 듭니다.
4,8587455,5,양념이 정말 맛있음. 신세계 맞은편에 있는 번화한 식당만 가보다 이쪽으로 와봤더니 여러 식당이 많더라. 젊은 사람들보단 가족끼리 와서 식사하는 느낌. 직접 찾아와서 포장주문으로도 많이 가져감. 다른덴 야채가 많은데 여기는 닭고기도 충분히 많아서 좋았다. 볶음밥이랑 막국수도 먹고싶었는데 배불러서 못먹음. 반찬으로 나오는 배추김치랑 깍두기랑 동치미 존맛. 다 직접 만드시는것 같다. 아저씨가 닭갈비에 손대지말라고 하는데 적당한 타이밍에 와서 알아서 다 볶아주시고 먹으라고 함. 식당 분위기 편안하고 좋았음. 아저씨 최고b
5,8587455,5, 
6,8587455,1,서비스 엉망
0,1680203124,5, 
1,1680203124,5,진짜 최고의 빵집... 유일한 단점은 제 얄팍한 지갑입니다😂
2,1680203124,5, 
3,1680203124,5, 
4,1680203124,5,으와 평점을 안남겼다니 최고예요 사장님도 친절하시구 빵은 다 맛있구 커피도 맛있어요 특히 에그타르트가 ..... 미쳤ㄱ습니당
5,1680203124,5,"빵집투어 다녀봤는데 여기가 천안에서 제일 맛있는 빵집이라고 단언할수 있음 에그타르트랑 스콘이 제일 유명하던데 제발 단팥빵이랑 얼그레이파운드 케이크도 먹어봐주세요ㅠㅠ 타지역 사는데 천안올때마다 꼭 들릅니다,, 나만 아는 빵집 아닌거 같은게 가끔 빵 품절됨 인기 더더 많아져서 내가 사는곳에 분점내줬으면 좋겠다..매일가게.. 사장님 번창하세요"
6,1680203124,5,너무 맛있어요! 스콘이랑 에그타르트 먹어봤는데 제가 먹어본 어느빵집보다 맛있습니다!! 다음에 다른빵도 먹어볼게요
7,1680203124,5,"에그타르트,,,, 진짜 맛있어요 시트지의 겹이 느껴지고 엄청 바삭해요, 계란비린내도 나지 않은데 초큼 달아요 다른 빵도 얼른 먹어보고 싶네요"
8,1680203124,5,스콘 먹어본 곳 중 손에 꼽게 맛있음ㅠ
9,1680203124,5,올리브 치아바타 올리브도 많이 들어가고 맛있어요ㅜㅠ 단골될듯
10,1680203124,5,여기 진짜 맛있네요 진짜 와 존맛탱
0,13024852,1, 
1,13024852,5,알바생이 이쁨
2,13024852,3, 
0,1257769960,5, 
1,1257769960,1, 
2,1257769960,5,가게는 넓은데 테이블이 두개뿐이라 되게 쾌적해요 사장님도 묵묵히 친절하셔서 좋았습니다 라자냐도 맛있는데 진리는 포크슈니첼!! 너무 맛있어요 얇은데 바삭하고 촉촉하고 다함 ㄹㅇ 꼭시키세요…. 그리고 디저트로 바닐라빈 듬뿍 든 크림브륄레까지 주는 최고의 가게…
3,1257769960,5, 
4,1257769960,5,천안최애피잣집
5,1257769960,5,음식 다 맛있어요 ㅠㅠㅠㅠㅠ
0,18311291,4,맛있어요~친절하시고요~
0,440966733,5, 
1,440966733,5, 
2,440966733,5,이틀 연속 갔습니다… 천안 터미널 주변 막창과 고기 맛집을 찾고 있다면… 최고의 선택… 군내 없이 쫄깃쫄깃 돼지막창… 깔끔한 뒷고기 모듬… 군더더기 없는 반찬과 상차림… 상쾌한 김치말이국수가 서비스로 제공됩니다… 친절하게 손님들 살뜰히 챙기시는 어머님 같은 사장님… 대박 나세요…
3,440966733,5,맛도 써비스도 최고 1년에 서너번 가지만 항상 청결하고 맛이 변함 없어요
0,9351465,5, 
0,27544158,5, 
1,27544158,5, 
2,27544158,5, 
3,27544158,5, 
4,27544158,5,음식이 전보다 너무 맛있어졌네요. 전에 왔던 기억에 기대 안하고 왔는데 깜짝놀래고 갑니다. 특히 세트메뉴 2번 감동입니다. 그리고 구워주시는분 완전 예쁨.
5,27544158,5,삼겹살 먹고 돼지갈비까지 클리어! 둘다 넘나 맛있게 먹었음요!!
0,649208797,5, 
1,649208797,1,먹고 배 줜123내아픔... 고기 질도 좀 떨어지는거 같음
2,649208797,5, 
3,649208797,5, 
4,649208797,1,1점도 주기 아까운 곳 고기의 질고 별로며 고기가 없다해도 알바들은 움직이지도 않고 주문 받지도 불을 주지도 않고 지들끼리 쳐 웃고 논다 부르면 불만있는 표정으로 건성건성 답함 최악
5,649208797,2, 
6,649208797,4, 
7,649208797,5,Yummi
8,649208797,5,"너무 맛있어요 3번째 방문임 항상 행복합니다,,"
9,649208797,5,입구부터 사장님이 친절하게 맞이해주심. 이것저것 설명해주시고 양꼬치 많이 먹으면 됨. 양꼬치양념도 좋고 먹을게 많음. 양갈비도 1개는 제공됨. 배터지게 먹었음. 재방문의사 1000%. 만족함.
0,1047789106,5, 
1,1047789106,5, 
2,1047789106,5,너무 맛있어요 그냥 고민하지 마시고 가보세요!
3,1047789106,5,여기 숯불갈비 진짜 찐…정말 너무너무 친절하시고 고기도 너무 상태가 좋고 및반찬도 다 맛있어요 지나갈때마다 고기냄새 홀려서 못 지나치고 들어가용
4,1047789106,5,천안에 돼지생갈비 제대로 하는곳 구암생갈비(성정동) 와 옛날참숯불갈비 뿐.  숯도 좋고 항상 신선한 야채를 마음껏 리필할 수 있어서 너무 좋은곳.  홀 메니저분이 항상 친절하고 식사후에 냉면도 맛있는 집.  옆집인 스시덴 과 주인이 같아 가끔씩 초밥도 서비스로 주는 곳.  4-8 명 회식이면 이곳 추천
5,1047789106,5,"아이들과 갈비, 갈비탕 먹었는데 아이들도 잘 먹고 최근에 찾은 맛집입니다. 흥하세요~"
6,1047789106,5, 
7,1047789106,5,고기 냉면 게장 다짱맛잇음
0,19314008,4,맛있어요. 근데 점심 특선 양이 좀 줄였나 봐요 ㅠㅠ 예전에 더 많았음.. 가격도 올라갓어요 ㅜㅜ 그래도 맛있어요 … 친절하시고 좋아용
1,19314008,5,점심. 룸이 있어 좋아요
2,19314008,5,"자주 애용하는 곳입니다. 현장에서 손님과 먹기에도 좋고, 집에서 배달시켜 먹는것도 좋아요! 최고에요!"
3,19314008,5,연어초밥 핵꿀맛
4,19314008,5,짱이다. 요리사 잘 생겼어
5,19314008,1, 
0,931858386,4,맛은 기대했던것보단 그냥 그랬는데 친절하시구 차가 맛있어서 4점 드립니당
1,931858386,5,짬뽕이 진짜 맛있어요
0,281634228,5,존맛....... ...... 왜캐 맛잇죠...?
1,281634228,3,라스트 오더가 20시 30분이라 쓰여있는데 잘못 써져있는듯해요 방문하시는분들 참고하세용
2,281634228,3,바질페스토 파스타? 진짜 미치도록 짰음....여자친구가 사는거라 꾸역꾸역 먹고 나와서 생수 한병 원샷...
3,281634228,4, 
4,281634228,2,전국 100여 개의 지점을 갖고있는 돈까스 전문점.  기본적으로 본사에서 제공하는 재료로 튀기기만 하면 되는 상황이기에 거의 항상 같은 quality 를 제공할 수 있는 장점.  그러나 지점마다 관리가 다르기에 사실 세밀한 부분에서 지점마다 차이가 큼. 그 차이가 도시마다 있는 경양카츠의 선호도를 결정함.  오늘 방문한 신부동 경양카츠도 이런 부분에서 차이를 나타냄.  우선 안심 돈카츠는 안심 자체가 너무 마른 상태여서 내부가 뻑뻑한 상태였음.  부드러움이 없었음.  등심 돈까츠는 좋았음.  새우튀김은 너무 튀겨서 겉이 반은 탄 상태로 서빙됨.   밥 위에 있어야 하는 메추리알이 없이 서빙되어 문의 하니 그제서야 오늘은 메추리 알이 없다고 함.  다양한 소스가 제공되는 경양카츠의 메뉴 구성은 좋았음.  추가로 경양키츠의 최신 메뉴들은 구비되어 있지 않음.  신부점 발고 불당점을 추천함
5,281634228,5, 
6,281634228,3, 
7,281634228,5,치즈카츠 평소에 진짜 좋아하는데 여긴 치즈보다  안심등심카츠 진짜맛있었어요 추천추천
8,281634228,5,천안 터미널 돈가스는 여기다
0,910162326,5, 
1,910162326,5,사장님+직원분들이 친절하시구 무엇보다 김치찌개가 깔끔해요
2,910162326,5,최고에요
3,910162326,5, 
4,910162326,4,"4.5점! 식당 깔끔하고 청결함. 인원수대로 시키면 공기밥 무료로 준다. 김치찌개 맛 깔끔, 고기양 적당, 먹기좋은 크기로 썰려나오고 맵기 적당!"
5,910162326,5,"식당 근처 동네에 일이 있어, 2020년 9월부터 2021년 1월 초까지 대략 30번은 넘게 이 식당을 간 것 같다. 메뉴가 많지는 않지만, 계란말이 또는 스팸구이와 함께 김치찌개를 주로 먹었고, 동태탕을 가끔 먹었는데, 항상 맛있었다. 당시 술을 먹지 못하는 사정이 있어서 꼬막 등 안주 메뉴를 먹어보지 못한 것이 못내 아쉬웠었다. 내년에는 꼭 다시 가서 쏘주와 함께 먹어보려 한다."
6,910162326,2,두번은 안갈듯
0,1908470723,5,"Wow, the cream espresso was delicious and I love the earthy design of the cafe. I wish thy were open earlier for some mid morning espresso study vibes~"
1,1908470723,5,타르트 맛있어요
0,1468702802,5, 
1,1468702802,5, 
0,1929639689,1,쓰레기
1,1929639689,5, 
2,1929639689,5,"가격도 저렴하고, 상당히 맛있습니다.. 외국인분들도 많이들 드시더라구요. 사장님도 친절하세요! 케밥은 품절일때도 있으니 전화해보고 방문하시는게 나을듯합니다."
3,1929639689,5,양 많고 사장님 친절하고 좋음. 가격이 조금 있는건 어쩔수 없는  해외음식특징이지만 양이많아서 만족.  맛도있어서 재방문의사 100%
0,130155152,5,"이 곳에서 빵을 먹고 나서야 내가 그동안 먹었던 크로와상은 모조리 다 가짜라는것을 깨닫게 되었다. 다른 빵집이 기망의 고의 없이 그런 크롸상을 내놓았다는 사실을 이해못할바는 아니지만.. 적어도 베이커리 운영자라면, 브뢰드의 작품을 경험해야 할 의무가 없지 않다할것이다. 크로와상 (croissant) 열반의 경지에 오르신 `생지` 성인(saint) 브뢰드플라츠 사장님 진심으로 감사합니다."
1,130155152,5, 
2,130155152,5,크로핀 맛있었어요 ㅎㅎ 다음에 다른 빵 먹으러 또 들를게요!
3,130155152,5,꼭 가세요.... 천안 최고 빵집!
4,130155152,5, 
5,130155152,5,예.. 여기는 진짜입니다.. 신부동 주민은 행복해서 웁니다​༼;’༎ຶ۝༎ຶ༽ ༼;’༎ຶ۝༎ຶ༽
6,130155152,4,"짭쪼롬하고 바삭한 소세지크로와상(?) 최곱니다,,,,,,,,"
7,130155152,5, 
8,130155152,5, 
0,382409971,5,맛있어요♥️
1,382409971,5,"알바아님... 여기 대박임 ㅠ  친절하시고, 조용하고 시원하고 조명 예쁘고  저렴하고 맛있고   그냥 힐링했다..."
0,342587196,5, 
1,342587196,5,최고
2,342587196,5, 
3,342587196,5,좋아요 ^^
4,342587196,5, 
0,1102230082,5, 
0,1527330398,5, 
0,11284439,5,서빙해주시는 분이 이쁨
1,11284439,5, 
2,11284439,1,초심잃었쥬~
3,11284439,1,별로예요 반도안먹고 걍나옴
4,11284439,1, 
5,11284439,3, 
6,11284439,5, 
0,8664442,1, 
1,8664442,5, 
2,8664442,1, 
3,8664442,1, 
4,8664442,1, 
5,8664442,1,여러분들이 집에서 시켜먹었던 교촌치킨이 아니에요.차라리 다른곳에 시키세요.정말 최악이라서 말이 안나오네요...
0,17071521,5,꼬마김밥 정말 맛있어유
1,17071521,5,여기 진짜 맛있어요
0,1696193396,1,커피가 너무 맛이 없어요.....
1,1696193396,5,좋아요~~
2,1696193396,5, 
0,498704023,5, 
1,498704023,5, 
0,1483696516,5,닭발이 친절하고 사장님이 맛있어요.
1,1483696516,5,걍 존맛임 진짜로 배달도 되고 최고임
0,20454854,5, 
0,1391898889,5, 
1,1391898889,4, 
0,906345338,5,와 이 집 짬뽕 진짜 맛있다.
1,906345338,5,그냥 대존맛... 국물 오징어 면 다 맛있음 그냥 가서 드시면 아실겁니다 ^^
2,906345338,5,재료 듬뿍들어가고 맛있고 친절해요!!
3,906345338,4,"주문하면 바로 주방에서 들리는 불소리와 웍소리 후에 나오는 갓 볶은 짜장, 짬뽕이 맛있어요"
0,1591876045,5, 
1,1591876045,5, 
0,13323056,5,간이 세진 않지만 깨끗한 기름이랑 신선한 닭을 쓰는게 느껴져요!!
1,13323056,5, 
2,13323056,5, 
3,13323056,5, 
0,650500588,5,괜찮음 ~ 여기 리뷰가없네 신부동 족발집중엔 여기 진짜 추천함 신부동 20년째 살고있음  .....
0,696864931,5,진짜맛있고.사장님이..친절하고잼있으세요..
0,469620140,5,친절하시고 차도 맛있고 좋았어요~
0,24068763,1, 
1,24068763,5,착한가격 식당~ 가성비 좋아요!
0,427042910,5,제주 ㅈㅈㅈ 연동 노형동 나 꽃 이
0,10069558,5,천안에서 제일 맛있습니다.  사장님도 친절하시고 양도 많아요 너무 맛있어요 교통편도 아주좋고 자주 오고 있습니다~^^
0,1517359589,5,진짜 단골 맛집!!! 무조건 친구들한테 추천하는 고깃집이에요 솔직히 부재료 뭐가 없긴 해도 우선 고기가 너무 맛있어서 그런거 신경이 잘 안쓰여요 옆에 구워주는 야채도 너무 맛있고 고기도 신선해서 계속 생각나요
1,1517359589,5, 
2,1517359589,2, 
3,1517359589,1, 
0,27191806,5,맛있고 사장님 정말 친절하심 !!
0,1197837967,5, 
0,1968168899,5, 
1,1968168899,5,좋은 사람과 좋은 음식과 좋은 풍경과 함께해요!
2,1968168899,2,자기들이 실수해놓고 손님한테 뭐라하네
3,1968168899,5, 
4,1968168899,5, 
5,1968168899,2,서비스가 조금 불친절한듯 합니다. 불쾌하네요.
6,1968168899,5, 
7,1968168899,2,2층에 앉아있는데 바닥이 막 흔들려요...넘나 무섭
8,1968168899,1,이렇게 맛없는 자허블은 처음이다........... 타지점과 너무 비교되요
9,1968168899,1, 
10,1968168899,3, 
11,1968168899,4, 
12,1968168899,4,건물이 흔들리는 미스테리한곳임
13,1968168899,5, 
14,1968168899,5, 
0,2068010218,1,돼지누린내 역겹고 불친절
1,2068010218,1,냄새 심함.
2,2068010218,5, 
3,2068010218,4, 
0,1212643658,5,커피정말맛납니다 병원가시거나 근처가시는분 꼭들려보세요 다른메뉴도 다 맛있어요~
0,12967824,1, 
1,12967824,4,왜? 홈피하고 가격이 달라요? 올랐나요?
2,12967824,5, 
3,12967824,5, 
0,21496699,5,맛있어요 후기 보고 걱정했는데 종종 올께요^^
1,21496699,4,숙취 해소를 위해 아점을 먹기위한 최고의 장소.  전날 아무리 많이 마셔도 꼬리곰탕 하나면 바로 일 할수 있음.  저녁에 술안주로 내장 안주가 톡특한데 이 내장안주를 곰탕을 시키면 작은 한 접시 주는데 이게 별미임.  안주로 꼬리찜은 별로임.  역사가 있는 집이어서 곰탕이 유명함   술 마신 다음날 추천
2,21496699,1,최악중의 최악 불친절에 맛도 없음
3,21496699,3, 
4,21496699,3, 
0,1166480673,3,너무 달음 텁텁할 정도.
1,1166480673,5,먹고나서 또 생각나는 집!!! 떡볶이랑 꼬마김밥이랑 다 맛있음
0,13000499,5, 
1,13000499,5, 
2,13000499,5, 
3,13000499,1,아니 ♬♪~♩ 순대 국밥 특인데 쥐꼬리만한 순대가 6개 들어이석
4,13000499,1,비린내가 너무나서 좀 그렇더라고요..
5,13000499,3, 
6,13000499,5,"순대국밥,뼈해장국 먹으러 자주가는집.순대도 직접 만든다고 하던데 순대맛있다. 순대국밥이랑 뼈해장국이 맛있음. 수영하고 한그릇하면 기분최고"
0,1189685963,5, 
0,1202954332,1, 
1,1202954332,1, 
0,1681881945,5, 
0,1482671449,5, 
1,1482671449,5, 
2,1482671449,5,직원분들이 친절하시기도 하지만 무엇보다도 케이크랑 마카롱이 너무 맛있어요 인생맛집이예요
0,22400934,5, 
1,22400934,5,항상 친절하시고 좋아요
2,22400934,5, 
0,27414226,3, 
0,8082366,5,정말 친절하고 너무 좋으세요ㅠㅠㅠㅠㅠㅠㅠㅠ아플때 갔는데 걱정해주셔서 울뻔했어요
1,8082366,5,최고예요! 먹어본 죽 중에 제일 정성이 담겨져있어요. 여기 흑임자 죽 먹으려고 서울에서 천안까지 자주 갑니다..
2,8082366,5,써비스 밋 음식맛 분위기
0,426242594,5,최고입니다
1,426242594,5, 
0,1059802365,2,가끔 가는 카페제인인데 오늘은 왠일인지 옆 도로에 노점상이 있어 들어가려다 안 들어감. 외관상 보기가 좋지않아 패스~
0,10943594,5, 
0,14867395,5,냄새도 안나고 너무 맛있게 먹었어요~~!!
0,473691982,5, 
1,473691982,5, 
2,473691982,5, 
3,473691982,5,재료가 좋은 게 먹으면서 느껴집니다!!!
0,1209595341,5, 
0,21471534,1,이집 가서 10만원내외로 쓴적 많거든요.맛보기도 점점 줄더니 저번에는 한개도 안주더라구요. 심지어 커피는 받고 차타서보니 뚜껑이 찢어져있네요. 이정도도 체크 안하시나요. 다른집도많은데 일부러간적도있었는데 이제부터 확실히안갑니다.
1,21471534,1,"톨게이트 근처에 있다보니 노력 안 해도 장사가 잘되나봅니다. 서비스 마인드 꽝이에요. 작년에 시댁 가면서 10만원도 넘게 샀는데 맛뵈기 한 개를 안 주더군요. 와, 인심이… 그 이후로 다시는 안갑니다. 일부러 천안역이나 터미널로 갑니다. 오늘 천안역점에서 12만원어치 이상 샀는데 튀김소보루 한팩을 서비스로 주네요. 별거 아닌거로 참 맘이 들고나는건데… 소탐대실… IC점은 언젠가는 크게 후회 할 날 있을겁니다."
2,21471534,1, 
3,21471534,2, 
4,21471534,1, 
5,21471534,1, 
6,21471534,1,10년이상 단골인데 1년에 평균 15-20만원정도 구입했는데 진짜 불친절하네요 화가나서 운전이 안되네요 비추합니다
7,21471534,1,일하시는 분들의 불친절때문에 맛있는 호두과자는 잊혀지네요~
8,21471534,3, 
0,18757268,1, 
1,18757268,5,백앙금 호두과자 부드럽고 맛있어요!
2,18757268,3, 
0,2071490787,4,부드럽고 맛있어용
1,2071490787,2, 
2,2071490787,4, 
0,2064918788,1, 
1,2064918788,1, 
0,8260853,5,제육&부대찌개 ㄱㄱ
1,8260853,5,2004년부터갔던동그라미 돼지찌게가맛나요ㅎ
2,8260853,5, 
3,8260853,5,맛있어요 진짜루
4,8260853,5,아 맛 매우 동그라미
0,19237730,5,JMT
1,19237730,1, 
2,19237730,5,알랍신승관 헉헉 해장템 베리굿
3,19237730,5,어우 사장님 맛있어요 ~!
0,206379572,5, 
0,22370704,5, 
0,27384197,1, 
1,27384197,1,매장 위생이 매우 불량합니다. 직원은 손님응대가 아쉽구요. 신전떡볶이 좋아했는데 매우 실망입니다.
2,27384197,1,음식을 주문했는데 너무 오래걸려서 환불하고 그냥 나왔네요 너무 괘씸하더라구요
3,27384197,1, 
4,27384197,1,밑댓에 사장이 손님이랑 싸우려고 한다는거 있는데 진짜 맞는말이고요. 사장이 팔에 문신 보여주면서 다신 오지말라고 위협하네요 진짜실화입니다.  여기 5점 드린분은 사장 본인이거나 지인인거같네요^^
5,27384197,1, 
6,27384197,1,사장 인성 구데기 손님이랑 싸우려고하고 일단 손님을 손님으로 안봄ㅋㅋㅋ
7,27384197,1, 
8,27384197,5,신전중에 요기가 젤맛남
0,27343300,5,집밥 생각날때 딱임
0,1001527473,5, 
0,12247726,5, 
1,12247726,5,"드립 커피 맛있어요. 가끔 원두를 바꾸어 주시는 것도 맘에 들어요. 커피를 많이 마시는 편인데, 무료 리필도 항상 감사한 마음입니다."
2,12247726,5,요즘 감성은 아니지만 직접 로스팅도 하는 근본가게
3,12247726,5,카페라떼 신선한 원두는 고소한 맛과 향이 좋지요. 테이크아웃 천원 할인해주시고 커피얼음까지 센스가 좋습니다. 스타벅스 카페라떼가 맛있나 하고 먹어보았는데 향이며 풍미며 미소레가 더 맛있네요.
4,12247726,5, 
5,12247726,5, 
6,12247726,4,여기 커피가 제일 맛있는 것 같아요.
7,12247726,3, 
8,12247726,5, 
0,1705900811,5, 
0,1775973252,5, 
1,1775973252,5, 
0,1627057691,5,맛이 정말 특이했음
1,1627057691,1,종업원이 싸가지가 없음
2,1627057691,1,내입맛에는 안맞는 인스타용집
3,1627057691,3, 
0,11227436,1, 
1,11227436,1,옛전 평택족발이 아닙니다.맛도 다른집과 차이가없고 사이드 메뉴로 나오는 건 중국산김치.새우젖.된장.삭인고추 자는것.동치미 족발 싸 먹으려고 상추를 들었더니 다 썪었네요.먹으라고 갖다준건지 버리라고 갖다 준건지 모르겠네요..이젠 족발은 평택족발에서 배달시켜 먹는일이 없을듯 합니다
2,11227436,1, 
3,11227436,5,인생냉면집. 특제 동치미로 만든 물냉면이 최고다.
4,11227436,1, 
5,11227436,5,족발 맛이 여느 집하고는 다릅니다.
6,11227436,5, 
7,11227436,5,천안 족발중 맛은 최고. 요즘엔 바빠서 그런지 대충 썰어주는 느낌.
8,11227436,3, 
9,11227436,4,족발맛집
0,1486032984,3, 
1,1486032984,5, 
2,1486032984,5,커피랑 디저트 그냥 다 맛있어요!!!!
0,1321162061,5,바닐라라떼 드셈
0,11635349,4,맛있고 괜찮은데 남자분 마스크 쓰고 조리해주세요
0,1094496889,1,기본이 안됐음. 출입문에 선풍기를 놔서 출입에 방해됨. 다 먹고 일어나서 계산해달라고 하니 내가 먹은 테이블부터 치우고 있음. 살다살다 진귀한 경험은 다 함. 면도 미리 삶아놓은 것을 바로 내줘서 탄력도 없음. 아사 직전이라면 배 채우러 가시는걸 추천.
1,1094496889,1,장칼국수 진라면보다 맛없음
2,1094496889,4,대학가에서 살아남기 좋은 가격대와 맛도 쏘쏘합니다 그렇지만 주방 요리하시는 분이 실내 마스크를 안 끼고 냉면 내오는 모습을 보고 나서인지 먹었을 때 약간 찜찜하더라고요
0,10692339,1, 
1,10692339,5,"이 동네에서 제일 정이 가고 만족스러운 맛집. 가격도 착하고 양이 엄청 많아요. 사장님께서 재료를 아낌없이 넣으시는 느낌이 들어 좋아요. 밥도 고봉밥, 반찬도 다양하고 맛있어요. 진짜 푸짐해서 먹고 나면 항상 배와 마음이 든든해지는 곳. 반찬도 다 맛있고 김치도 직접 하십니다. 할머니 집밥 같아서 어머니와 자주 갑니다."
0,1416941082,5, 
1,1416941082,5, 
0,1408918695,5,맛있어요~~  재주문 할꺼에요
1,1408918695,5,존맛
0,814380291,5, 
